-- phpMyAdmin SQL Dump
-- version 4.8.2
-- https://www.phpmyadmin.net/
--
-- Host: 127.0.0.1
-- Generation Time: Aug 04, 2018 at 10:01 AM
-- Server version: 10.1.34-MariaDB
-- PHP Version: 7.2.7

SET SQL_MODE = "NO_AUTO_VALUE_ON_ZERO";
SET AUTOCOMMIT = 0;
START TRANSACTION;
SET time_zone = "+00:00";


/*!40101 SET @OLD_CHARACTER_SET_CLIENT=@@CHARACTER_SET_CLIENT */;
/*!40101 SET @OLD_CHARACTER_SET_RESULTS=@@CHARACTER_SET_RESULTS */;
/*!40101 SET @OLD_COLLATION_CONNECTION=@@COLLATION_CONNECTION */;
/*!40101 SET NAMES utf8mb4 */;

--
-- Database: `bank`
--

-- --------------------------------------------------------

--
-- Table structure for table `accept_info`
--

CREATE TABLE `accept_info` (
  `id` int(11) NOT NULL,
  `username` varchar(150) DEFAULT NULL,
  `nid` varchar(150) DEFAULT NULL,
  `address` varchar(150) DEFAULT NULL,
  `branch` varchar(150) DEFAULT NULL,
  `password` varchar(150) DEFAULT NULL
) ENGINE=InnoDB DEFAULT CHARSET=latin1;

--
-- Dumping data for table `accept_info`
--

INSERT INTO `accept_info` (`id`, `username`, `nid`, `address`, `branch`, `password`) VALUES
(0, 'swarna', '1234553645', 'Tangaile', 'Dhaka', '12345'),
(1, 'aa', '122', 'ss', 'aaa', '123'),
(2, 'amin', '334245', 'dhaka', 'Dhaka', '123'),
(3, 'fatima', '34234124', 'dhaka', 'dhaka', '2323'),
(4, 'swarnav', '233451', 'Dhaka', 'Dhaka', '123'),
(5, 'Mahi', '23456', 'ghtl', 'ghtl', '6767'),
(7, 'zz', '21212', 'erre', 'dfd', '123'),
(33, 'Tanvir', '12345678', 'Dhaka', 'Farmgate', '1234'),
(34, 'bb', '12', 'ww', 'qq', '123'),
(44, 'a1', '1111', 'ee', 'rr', '123'),
(77, 'pial', '12345678', 'Dhaka', 'Farmgate', '123'),
(645, 'rajib', '12345678', 'Dhaka', 'Farmgate', '123'),
(1222, 'tutul', '12345678', 'dhaka', 'farmgate', '1234');

-- --------------------------------------------------------

--
-- Table structure for table `applied`
--

CREATE TABLE `applied` (
  `id` int(11) NOT NULL,
  `username` varchar(250) NOT NULL,
  `nid` int(11) NOT NULL,
  `address` varchar(250) NOT NULL,
  `branch` varchar(250) NOT NULL,
  `password` varchar(250) NOT NULL
) ENGINE=InnoDB DEFAULT CHARSET=latin1;

--
-- Dumping data for table `applied`
--

INSERT INTO `applied` (`id`, `username`, `nid`, `address`, `branch`, `password`) VALUES
(1, 'aa', 122, 'ss', 'aaa', '123'),
(2, 'Tanvir', 12345678, 'Dhaka', 'Farmgate', '1234'),
(3, 'bb', 12, 'ww', 'qq', '123'),
(4, 'a1', 1111, 'ee', 'rr', '123'),
(5, 'tutul', 12345678, 'dhaka', 'farmgate', '1234'),
(6, 'rajib', 12345678, 'Dhaka', 'Farmgate', '123'),
(7, 'pial', 12345678, 'Dhaka', 'Farmgate', '123');

-- --------------------------------------------------------

--
-- Table structure for table `blnc`
--

CREATE TABLE `blnc` (
  `username` varchar(150) NOT NULL,
  `ammount` int(11) NOT NULL
) ENGINE=InnoDB DEFAULT CHARSET=latin1;

--
-- Dumping data for table `blnc`
--

INSERT INTO `blnc` (`username`, `ammount`) VALUES
('a1', 1120),
('aa', 0),
('bb', 2024),
('pial', 900),
('rajib', 1000),
('Tanvir', 423),
('tutul', 10120);

-- --------------------------------------------------------

--
-- Table structure for table `deposite`
--

CREATE TABLE `deposite` (
  `id` int(11) NOT NULL,
  `username` varchar(150) NOT NULL,
  `deposite` int(150) NOT NULL,
  `date` date NOT NULL
) ENGINE=InnoDB DEFAULT CHARSET=latin1;

--
-- Dumping data for table `deposite`
--

INSERT INTO `deposite` (`id`, `username`, `deposite`, `date`) VALUES
(1, 'swarna', 100000, '0000-00-00'),
(2, 'swarna', 100000, '2018-12-12'),
(3, 'zz', 222, '0000-00-00');

-- --------------------------------------------------------

--
-- Table structure for table `employee`
--

CREATE TABLE `employee` (
  `emp_id` int(11) NOT NULL,
  `username` varchar(150) DEFAULT NULL,
  `branch` varchar(150) DEFAULT NULL,
  `password` varchar(150) DEFAULT NULL
) ENGINE=InnoDB DEFAULT CHARSET=latin1;

--
-- Dumping data for table `employee`
--

INSERT INTO `employee` (`emp_id`, `username`, `branch`, `password`) VALUES
(0, 'mahin', 'Ghataile', '1234'),
(1, 'alu', 'dhaka', 'alu'),
(2, 'swarna', 'Dhaka', '1234'),
(4, 'abc', 'dhaka', '1234');

-- --------------------------------------------------------

--
-- Table structure for table `loan`
--

CREATE TABLE `loan` (
  `id` int(11) NOT NULL,
  `username` varchar(150) NOT NULL,
  `loan` int(150) NOT NULL,
  `about` varchar(150) NOT NULL,
  `date` int(11) NOT NULL
) ENGINE=InnoDB DEFAULT CHARSET=latin1;

--
-- Dumping data for table `loan`
--

INSERT INTO `loan` (`id`, `username`, `loan`, `about`, `date`) VALUES
(1, 'swarna', 300000, 'Car Loan', 12),
(2, 'swarna', 500000, 'Home Loan', 2018),
(3, 'zz', 123, 'car', 1),
(4, 'amin', 123, 'car', 1),
(5, 'tutul', 1000000, 'car', 8),
(6, 'rajib', 1000000, 'car', 1);

-- --------------------------------------------------------

--
-- Table structure for table `manager`
--

CREATE TABLE `manager` (
  `emp_id` int(11) DEFAULT NULL,
  `username` varchar(150) DEFAULT NULL,
  `transection_no` int(11) DEFAULT NULL
) ENGINE=InnoDB DEFAULT CHARSET=latin1;

-- --------------------------------------------------------

--
-- Table structure for table `policy`
--

CREATE TABLE `policy` (
  `username` varchar(150) NOT NULL,
  `deposit` int(11) DEFAULT NULL,
  `loan` int(11) DEFAULT NULL,
  `transfer` int(11) DEFAULT NULL
) ENGINE=InnoDB DEFAULT CHARSET=latin1;

-- --------------------------------------------------------

--
-- Table structure for table `record`
--

CREATE TABLE `record` (
  `rec_user` varchar(150) DEFAULT NULL,
  `branch` varchar(150) DEFAULT NULL,
  `datee` date DEFAULT NULL,
  `transection_no` int(11) DEFAULT NULL
) ENGINE=InnoDB DEFAULT CHARSET=latin1;

-- --------------------------------------------------------

--
-- Table structure for table `trans`
--

CREATE TABLE `trans` (
  `username` varchar(150) NOT NULL,
  `date` date NOT NULL,
  `ammount` int(11) NOT NULL,
  `from_user` varchar(150) NOT NULL
) ENGINE=InnoDB DEFAULT CHARSET=latin1;

--
-- Dumping data for table `trans`
--

INSERT INTO `trans` (`username`, `date`, `ammount`, `from_user`) VALUES
('amin', '2018-08-01', 1000, 'aa'),
('', '0000-00-00', 0, 'aa'),
('Tanvir', '2018-08-02', 1000, 'tutul'),
('Tanvir', '2018-08-02', 100, 'rajib'),
('a1', '2018-08-02', 1000, 'Tanvir'),
('a1', '2018-08-02', 10, 'Tanvir'),
('Tanvir', '2018-08-03', 100, 'pial');

-- --------------------------------------------------------

--
-- Table structure for table `transection`
--

CREATE TABLE `transection` (
  `policy_user` varchar(150) DEFAULT NULL,
  `transection_no` int(11) NOT NULL,
  `amount` varchar(150) DEFAULT NULL,
  `where_to` varchar(150) DEFAULT NULL
) ENGINE=InnoDB DEFAULT CHARSET=latin1;

-- --------------------------------------------------------

--
-- Table structure for table `wow`
--

CREATE TABLE `wow` (
  `Photo` blob NOT NULL,
  `Name` varchar(150) NOT NULL,
  `Father` varchar(150) NOT NULL,
  `Mother` varchar(150) NOT NULL,
  `username` varchar(150) NOT NULL,
  `password` varchar(150) NOT NULL,
  `Home` varchar(150) NOT NULL,
  `Birth` date NOT NULL,
  `Married` varchar(150) NOT NULL,
  `id` int(11) NOT NULL
) ENGINE=InnoDB DEFAULT CHARSET=latin1;

--
-- Dumping data for table `wow`
--

INSERT INTO `wow` (`Photo`, `Name`, `Father`, `Mother`, `username`, `password`, `Home`, `Birth`, `Married`, `id`) VALUES
(0xffd8ffe000104a46494600010101006000600000ffdb0043000302020302020303030304030304050805050404050a070706080c0a0c0c0b0a0b0b0d0e12100d0e110e0b0b1016101113141515150c0f171816141812141514ffdb00430103040405040509050509140d0b0d1414141414141414141414141414141414141414141414141414141414141414141414141414141414141414141414141414ffc0001108007b006403012200021101031101ffc4001f0000010501010101010100000000000000000102030405060708090a0bffc400b5100002010303020403050504040000017d01020300041105122131410613516107227114328191a1082342b1c11552d1f02433627282090a161718191a25262728292a3435363738393a434445464748494a535455565758595a636465666768696a737475767778797a838485868788898a92939495969798999aa2a3a4a5a6a7a8a9aab2b3b4b5b6b7b8b9bac2c3c4c5c6c7c8c9cad2d3d4d5d6d7d8d9dae1e2e3e4e5e6e7e8e9eaf1f2f3f4f5f6f7f8f9faffc4001f0100030101010101010101010000000000000102030405060708090a0bffc400b51100020102040403040705040400010277000102031104052131061241510761711322328108144291a1b1c109233352f0156272d10a162434e125f11718191a262728292a35363738393a434445464748494a535455565758595a636465666768696a737475767778797a82838485868788898a92939495969798999aa2a3a4a5a6a7a8a9aab2b3b4b5b6b7b8b9bac2c3c4c5c6c7c8c9cad2d3d4d5d6d7d8d9dae2e3e4e5e6e7e8e9eaf2f3f4f5f6f7f8f9faffda000c03010002110311003f00fd3e5638eb4c690d099da29ad41080b9f5a89e4a18d4323055249e05268d056907702abcf716ea024c6201ced0b26393e9cf5afcd6fdb0bfe0a7d3681ab6a7e0ff0085e511eda46b7b8f11361cb3a921840bd319fe33d7b01c13f9c3e2df8c3e2ef1c6b126a5ad6bfa86a376cfe67997372ee437a8c9e3f0a686d58fe9123b3b48999a3b685188c12a8066964b7825528f0c6e8dc15640457f3b7e0ffda7be26f81a6dfa378e75ed3c7431c37f2846faaeec1fcabec3fd9e7fe0ac3e29d0af2d34cf8956b1f89b49e11f52b68d62be8c7f7881849001d8804f76ad1224fd5e3a7d9974636d0931fdc3e58f97e9c7149f62b7123c8208bcc90619b60cb0f73deb27c0de39d07e24f85ec7c45e1ad4e0d5f47bd4df0dd5bb641f50475560782a70411835bfb68b0ec4515ac023f2fc88fcbe9b768c7e5f8d4ffd9f6db7e4b7897fdd40285183915663e4504b30ee34c83cc398109ff74515a7347ba4cd141162fa9fe548c05387dd149528b440cb5f3c7edddf1ce7f803fb39f8835db042757bf2349b06c95f2e6995879990739545761ee057d14d5f09ff00c1612376fd97f496085827892d8939236fee2e067f5a4cd628fc65bbba92f2779646dccc726a38e379182a2963e805743e03f04df78f7c410e996319666e5d80fbabeb5f7efc23fd927c31a1e851497910b8d41802ef27cc01f6cd79d89c6c30ef96d79763ddcbb26ab8f8fb66f961b5fbfa23f38a5b79206c488c87d186292395a339538afd58f107ecb7e04f1369e52f749b7f3b61413a205703d88e95f057ed09fb3edd7c20d61a5b577bad1a57223948e53d9a950c742ab516acd9ae3b23ab8584aad3973c56fd1a3e90ff008254fed017be11f8d0be05bfd418683e2489d23b7958f96978abba375ec198294f7dcbe82bf62f757f3d5fb17eb16fa1fed49f0d2e6e9b6c1fdb96b1938ce0b481476f5615fd0a274af596a8f9c4b41fed53455147f330a9570ac47a53131b24659b838a2ac0a2a481ca7e514b5129f9452eea438815af8bbfe0ac1259cffb2bddd8c8ea7507d46dee6da1da4b308db1230c74c2bf24fafbd7d9fbabc3ff006bcf04d978cfe0fdf7daace3bd6b475754923de36b7c8c08ee30d9fc05615e6e9d3735d0f4f054615ebc29547652d3e6f6fc4fca3f859e1b8fe13f81741f11dbe8eda94faa5badcde5c79cb198d4f2a06ec0c608afa03e12fed2be1ef196ad6fa2ff0067dd58dd39da1fcc4923ce3d41adad17e12e97e22f09f876cb623ae9f6f6ff0067df18650c8abb4943c1e474349a5fc0ad1bc0564b1dad940b31bf92fbcf556de1dc0046e6662146d185040e2be42a4e13e6a935ef1faa61a94a9c69d18bb452d576f4d3efd4f41f1e78d34bf00e92b7da825c4f0b1dbfe8ea188e33d335f3978dbc4fa7fc6ed3e5d2edfc35ad3e9b77f23de4d6ea82127a3825b9c7f915ef9e2af0adb78c7ecb6f7d047771aa8c432e4a311fde008c8ae1bc0ffb3369ff000f6dac9eddd8496a656370a48927dec0e242301828185e38e79e6aa1c8e2e5d56c6f38ca2d2be8ef7ff863e2ef833f0bae3c3ffb63f82bc28d37982cfc4762cf71b768f284b1c9b8fa7ca40fa9afe8097eed7e77fc27f831a4788be3ededf0b343a8de3c2af75b8ee8e18a346718e809c0e7d857e89015f5585ad2ab0d56df9f53f30ccb030c14d28bf8aeedd95f4157e56069c1b2c79a6ad2afdeaede87865b8f3b68a48c7cbffd7a2a08231f7451f8549b7e5146de28122139aa7ab69906b5a75d58dd27996f711b4522fb11835a0568dbed49a4f43a21269dd1f117883435f867e3ad434357f361b770d1395db95601871f8e3f0accf1b6b0f22dab5b59bdf0dc3747148aa7ebc9e7e82bd37f6c0f0e9d1f50d1fc5311511cf8b19d7a1dc32c87df2370ff00808af9a352b7d6b50d4a19ecb58b8b6b7c0cc30431b9c8e87e6073f4c8af89c5c1d2ace9ec8fd6f29a9f5aa30a8debd7d4f558f51171a8d949069f750a14e5e5daa148eb90486fc85696b9a962cca28e7dabcdac6c7c4b75710ccdacb08c60c91dcd92a647b6d6ebef9ad7d63c61a3f87fca9fc41a90d3b4985d4ddde3233f951e4066c0049c0f415ac1734941753ab12d524db77b1f4bfc03f8571f866cff00e122b86592f7528c4aab8ff56ac17a9f5daaa3ff00d75ecc071d2aae93f656d32d0d8b23d99853c868ce54a6d1b483e98c55d506bec69d354e3ca8fc8b11889e22a3a936340f5a555cb53b6d39473d2b438996621f2fff005e8a96153e5d150491aa6e5a369e94f5e82ab6a9aad9e916e66bcb98ede35eee719fa7ad5a44264acb8aa7a9ea965a2da49757f790595b46a59e5b89022a81d4924d79778bbe3e5b5bb496fa341e6ba839b89ba0c7a2f7fc7f2af07f8817779e3c664d4af669bccfe1dc70abc062074ce0f07b122bba960a75359e888962231765a9c6fedfdf1327d4bc55f0f974abe33f85a46b9b796485bf76f3baa346defc23807dcfad78a3fc51d4fc056a93368d36ac8a328d0f51f515eb1f1bb49d33c61e09bbf0ac5756f1ebcb00bdd36c84a8b26e8595832a75c03b57238c31accf03d8c7a9e8565f6ab4473b06e5917a1ee2be433da2b0f569ced74d7e28fd3f86714ab60a749ef17f83fe9993e11f8e179e39b1db1681736b211feba65da83f3e4fe15c57ed116b2c9f0c75c599da4b8b987cb55fef3310001f8915f43db787ac6ce102d2ca1b7ff74579b7c56f0fa6a1ae784ec2465114da8adc4dbba048819003f5655af2b0b1757134e31d2ed7e67bb89a90a787a8edb45fe47d87fb3878b85bfc3ef0fe8daa4fb6686c2058e498fa4632a4fae6bdb948ea3915f2b69f318ede00870a1147cbe98f7ae8fc2bf11357d01da0171f6a86338f2a6c9e3a6457ea588c1f349ce07e1b4f12b691f4405a51d6b8cf0cfc4ed3b5ec24bfe8b3676fcc7e5cff004fe5ef5d9a10d820e41e84578d384a9bb491d4a4a5aa2f5bff00abf4a292151b28ae71dce4be2478d17c07e11b8d59821319545321f941638c9f615f395d78c350f16df3dd5fdc7da61ce5486f94a919c0ed8fa76fad7a7fed652b43f03f586504bef895768c9c9603fad7cc3f02e4371f0af4979242483329ce791e7b81fa0fd2be9303462e97b5b6b76bf2ff0033cdad27cb7b9db6a7a9dbe9f6d70ed11924dadb2340092d9271efd2bce3c55e22f11de5d5ce99e14d2cadfe235b9d5af17fd1a027f8235fe361939f4ef9e2bd22da356f34b10c4e4671d0fb7f9ef576086dd2375dbe5a8e4201fc5d4ff4af522e3195dab9c2e5d8f833c41fb34fc4af09788a3f892be20975ff00145a49f6925242edb4632983d41567053a6011debea3f851e27d1fc5fa5cb7d6ede4ced21f3ec64e1eddc9e548feee7a1fc3a835e9ad0aac615c2146e4e3a12723f962bce75af857651ea6fa9698eda6df9f9e2b841f286007caca0fcc8c14023f1183cd78b9865b4f30a6e2b496ebd4fa4caf38781aaa525eebdceed60821c90303fda35e6df1426d3b439adf5a96633dcc11b3c56bbc0321e8a8a3dcf56e838cf7abb7dad6a3ab5a9b2b7877dfc630d1c672aee73b46ef4e327be31c64815a7e0ff83f656e8973ab7fc4cb579e5f3e69e5192ae7b0e78c0e07a7e95e464593aa53789c6ab72bb25d5b5d7d3ccfa2cf33c84e9aa1859df996afc9f4f9f5392f837fb44df6b5a1daff00c2c5d125f09ea724a615d43ca6feceb939014893911939c618f27a13d07b7cd65f6e9ade4128f2241925186d72318c7af152dc78574db8d105979119b4c6df2f036903b7d2b96d37e1f43e1f62fa35fdd69d618e74fde248236073f2020b2741c290bed5f62f93a1f9df35ddcee96dc436aab10d9839caf5cd779f0c7c797936ad6da35c93224aa7617ea3009e3f2e95c4daa936a379cba81573c0ede4fc4ef0fc71b906633b30edb563231f9b0fcab82b414e124d6c9b3784acd58fa4edf3e5d14eb7c797f8d15f2c7a973c47f6b1ba36bf04f5360db0b5c5ba06fee932a8073db071cf6af95fe115e2b7c3bd39924c67ce949f2fef1f39d88c741cfa71d857d31fb6a796bfb3bf88249e3792de3781a5f2cfccabe62e587d3afe15f22fc09d4a49be17f871d1cf3148aee41203091c13f5c8afabcb65fb851f37fa1e462bf8575dff00ccf4f8ef040ccf186731b153e818919247d4fe95b10c8248f3d485ce7047381cfe42b33eca66b125c9566e49c7b823f0c8f5a5d2adcb339966c84c679e3807fc3f9d76cbb9e7f374365f6aa9f977fcc769c76cd63eb57f269fa7cee8be634685d53a678240cfd47eb5a30a3b796a498fe51bb279c82327f31fad4ed099994850f229ee320e0e4fe99a956dc14ba16b4df0de8de1ed2ece1b4b6275110c86eae9ce5a590e58b0cf4fc3b6076ab76aa51431241c923273d8d429783cb76e7608c7ea40c7eb514178b25b89167491776df9483d0f3fc8d4ddf52f9ae6c432192d5633f74f39c74f7ace9a4453242e0348abbb6fa7f9e6addbdc0283cb911caa83b7eb9aaf7bb9a78d97e5e80f7a9bea3e62b68da937daaf2ca4769248646dbb8f250f23f5c8ae8be1e49e77c5cd1e32d8582de460a0f5660f9fd17f5af3fd7b515d07c4d6b76edb20b81e5bb7400e7009fa714dfd9f3c7f178cfe3b34965289f4f4678219147df5489b2c3d8b1ebf4ad2a536e9549c56966553937247db76ff00eaff001a29b0b0f2fa515f127b5cc707f1a7c1179f10be1ddfe85622069ee8a2b2dc9c215ddf303c1ed9af997e0cfec83e3cf87fe0d6d1afee34d77b7ba9bece63b92dba16725493b38386e47a8afb5158e282e7d6bb68e2aa515cb038a50535667cd4dfb3ef8b8c8aad2d9794a980bf6838dd9ce7eed4d6bf007c4b0c787fb0bca0e448676c0fc36f2718eb5f461639eb4df31b1d6b596615bc8ce38781f3effc289f140cb19ec8e09c7ef4f4ff00be69d67f047c4f6ca4b4d64edf746e99b1824e4fddeb835efe5cfad4458fad4acc2b5ba15f56a77b9e0f77f057c4bf619a2827b1f3245c06791b83953fddf635cb7c29fd99bc47e0df00e97a1dfdc588b9b6de649219de4562ce589c951eb9fc6be9c2c7763b522b1c1a9faf55bdcd1518a8b8747fa5ff00ccf06b8f80de21dade45cd831278df238e3f05a9a1f825e275f2c7daec00523fe5ab9e33ee9e95ee818e4f34864619e6abfb42b7919fd5e99f3f78e3f676d7fc4b630436d7ba7c6eb2ee7691dc7cbc74214f3c562fece3fb2c788be0ef886d6ff53bed2e648e494c9f6396466652aca83e641d0119fc7dabe9592e240d80dc7d0564dc6a9751c8c165c0e3f847a7d2ade678874a54afa31aa108ea8eaa3fbb45713ff0906a0bc0b8f5fe05f5fa515e45ce93ffd9, 'Jannatul Ferdous Swarna', 'S.M.A Salam', 'Aklima', 'swarna', 'swarna', 'Tangail', '1996-11-04', 'No', 1);
INSERT INTO `wow` (`Photo`, `Name`, `Father`, `Mother`, `username`, `password`, `Home`, `Birth`, `Married`, `id`) VALUES
(0xffd8ffe2021c4943435f50524f46494c450001010000020c6c636d73021000006d6e74725247422058595a2007dc00010019000300290039616373704150504c0000000000000000000000000000000000000000000000000000f6d6000100000000d32d6c636d7300000000000000000000000000000000000000000000000000000000000000000000000000000000000000000000000a64657363000000fc0000005e637072740000015c0000000b777470740000016800000014626b70740000017c000000147258595a00000190000000146758595a000001a4000000146258595a000001b80000001472545243000001cc0000004067545243000001cc0000004062545243000001cc0000004064657363000000000000000363320000000000000000000000000000000000000000000000000000000000000000000000000000000000000000000000000000000000000000000000000000000000000000000000000000000000000000000074657874000000004642000058595a20000000000000f6d6000100000000d32d58595a20000000000000031600000333000002a458595a200000000000006fa2000038f50000039058595a2000000000000062990000b785000018da58595a2000000000000024a000000f840000b6cf63757276000000000000001a000000cb01c903630592086b0bf6103f15511b3421f1299032183b92460551775ded6b707a0589b19a7cac69bf7dd3c3e930ffffffe000104a46494600010101006000600000ffdb0043000403030303020403030304040405060a06060505060c0809070a0e0c0f0e0e0c0d0d0f1116130f1015110d0d131a131517181919190f121b1d1b181d16181918ffdb0043010404040605060b06060b18100d101818181818181818181818181818181818181818181818181818181818181818181818181818181818181818181818181818ffc20011080140020803012200021101031101ffc4001c0000010501010100000000000000000000010002030405060708ffc4001a010100030101010000000000000000000000010304020506ffda000c03010002100310000001f7f4909242410924248050424909042400435a3f94d5f8f8ea3338a4778de2ad9dbeff009a5b3d83a1f099cfa43a1f92c9f5f2f96fa43e815e45d21dd2cad1244c448de63913be77360eedde65a6774a0987269096a1e9a8720449212484920a044920a4049210204921248492104041344d118626f8e9c379a296618a65d735c5a12aaae3f8b33e4b3044cf6b3188dfb3cb84762ee3ad1d568f2758f5ce9fc5bd80d2ee05903d106768a383dbdfc63ae7f95f4c75c6370f4d212d2393484841490924249052010909242490920248001689898081d9a607ca1bb911dc2fb2dee21949b2961d1a7d5708b1679ba98b4aad5445f3cce6d8b109b2dcf926aa71f47ddc723d7a1d49e5ce0e0b48024049023c1e8d1c07673f267a31f2eee8d831b879611c5a47204281124849212484921240408024d13530113a019f3a777f3b44bb534e6cdef61374dba7052ea70f5adcd93d1d2d49e32e49b3a6310bad4f151d72d7176559dd67176137676a2bb1ec106fb3a903c40b44801c821248597ade305aa7e62c3e85aff37fbb9d077985ca1ea8ee0bb727744e244d238b48524149092424901202080985828cc43799dbf950e7ba8cfe9f17bb52bdf6c6ace5d14b666e663ea2cdb9b9093a4bfd51c2c1d55bb39e36a7554adcf35dc80e7b1e265d48e64f5cadd6547c89e22d4109082424084820f38ef38a3e75e8fd1b8898e5361dead13ea0d730c7e6bbc619fd6f03927ab3b9fdd24746e1c921e92124809010404d4d130c4081de7470de5b4bd0337a9168b3adf2feab3f5fa3d2cfe6e1588e9f344b8c69db7ea60ddab6f032a6a7a28c0d59f637e0ce60a56531fae54ef3bc524e0c1e5010480901c9ae131dc61db45c2f6859e63a469e69e876105c1018501a90ea7641c84bd3651d8daf16f5735131161242080824269681863042eaa65fc97d3f35cddb3e8dc875bf3ff73b3a4edcc38e1c4828f5688a18f9f5d450576cd582a4bcf35b403f4d70e45d76cf2f3fb083d1bd9f8792eb25b332710241092038203924020195ca7a14473bd1677047a7bb136c0034700020b00d308217d730b365e48fa255746984841010400d4c046611be25db7cb44ddc67ee797f6b36d63ea79bf45bfaf93d264f0798adb78f5edc7cad5e376eede9a8cbcfa2ed5ab27796dc0caf6e7934e1f4bf5fe165d34ed7e31958e12681c9a82420a087208281034a04722389ea6e81a4002480d4c0469a331ef7126169f2bec275ea0474493449344d4d04662064dff9a4e4db9bbf9fd7bda993afe7fd669cb9f6b2fa9a5731e4cf3d1f19679def2b1d14dae8b36f2f5bae6c66d63a3c91d0c3e9fafc1b1b8c96ff0039cf044420b48120871690a082820a0848108480c202d0873130303d83607e699de71b3cd1b9eafc1fa21a2a646d2404d4d030c6081dc91c5fcfd3cfcdd35ba96b2fbd76dd439bd9d29293aad9a4ecd939b2f50161121b36678a752cc1b3e7e3d88fd02ef2ecf52cb1a7ca2f6bc78681c801c9a8720825a429a4704d1c800900734b02d4d0a4d1ad3109aa019c96c79d99bab99db9bbd7d1d6275222f84d130c6088c254f93fb2f2a897dd9194fa8e929cdcdda17b164a3d5bc73a689d2932a4e34ec6863eef37e9c59f1d98a49c761a3c69bb237357885ec982000a0449a872042401c9ae0a0028013da449a020012691343451160da3639a31b8eb4e35bd0b0fb92cde8ad0f4f44cd4d1b19841e5fd77c96529992c4cb3cb9d56abf5ac528d33beabfae2792b2e6dbd6e9f45cdb61b1c7d572cf1f5f355aef22d4b7cd2f8e494a1a82420808720072087a6a1c4208611c81126913100b501cd4d146620c4ea854e0f678819d663f7c6d7415b4096764c39390d8dd10da73f829c4726cbb30cf61e37d0bc2f9febf96ea797f3f3735e55e9f83ed7bbced6fa9e8fa7bbe5eb9f44f05cf7cc251c1f237aa8b2c77a367aa24709661393425a42801e020b9a4282096b849a07b510a0073434704c138342d6b46b542370ef71464528f74daefb17ab2c5b8ac8f91b205145681f8672bf2fea639624a6663a0e878139b1fb445e43267cd3fd11f38fa17a5e9f637723ac7577cc77bcea3abf35c9abba3f44afd2f54be50e98714449a42801c9a42901e5847204734009002534720d08400820b401b19682b3b24cce27431c9fb8c6ef8d6d386e924cd942f0e0a28cbf9abe85f8f0cd575a54b2a13a9cac842490eb70f545bb151b317053e8e4fedea759cccf3b5e3e48c92004480090071611c920a6b82e681c020b9a87342086a13501e1ac1f13a21446a8ce43578a29dda3d71b5dae76e135a8e71ef0f0b83848a392f91febdf9cce0d5dac31f1a2462435b24c6fd8c4b6683584d8f45a1ac3f633ae972cd290b61a879682450483c22101c2410e210934850438c6e1cc484d4c0b9a02c3180088599639932706c34d1eef17bc2edf86d924ad90738382e0448a399f39f48e20e2b99f43478d51f70c73c863f44c039a17a12045a1b3549ea7de7887ad1d99abaa663ec532cc946c976388921158b8e89c39dca553b3931f5c418e098de3804221a1400546e0b534512606baa453e374b9d23e872bb636ba8aba44b61b30e78789c88522249185cd7574cf28afd7e219d6a0a46b8c8989b0fa0b079d607b203c361f65c23cf3d3799a07a9f45e6bbc7a63f88e9092becc2509e18839bab40b5a9ce4c6f474350e72b75144befe3354df73081e1a10105810e6a68108c7446021c0d2e3ca559d7cd6ef313b32c5d8ac8f95b20e70238822288924664565861739ddd33cfeaf6f987255fa5a87370f415cccb0fac68c9848dc666d932713bcac65e97216cf44e8bccb5cefa9d1d9324e85023cfbf2195715236ec73b7cd0c2dc79c97671482010e620249a20d689ad60294d8867f3b6688eeb727b83676a0bc4b3b260c81c128852222089145364808593b0af0db619943a08ce473fb8ac70757b9cd38fafd350302b6e5432269e02ce35984cbdfcaca3bcdbe0364f4cbde73d21af4755c630b954cf8f52020d6c3474acccba582d68e2009a58285f18daf2d122e5ef73e4662e84d5eeb23a527b71591f23640b83824111042911248fffc4002c100001040201030402020301010100000001000203040511120610211320303114402241153250242325ffda0008010100010502fd5ce676ae1295eea6b1947b6688ada201515bb5028ba93330a87ad2f3543d6949ca1ea5c2cca2b35e61bf85ce6b5afcbe32331e571d290411ff001f6af5e82851cbe567cc653b091ed4db9384dc83936fc2536785cb6b9141fc4c399c95750757e5a35075bb143d5787954390a3646d6fb6572ecc7b5b56de41d1e2aab43f1559cbf0eed230750707472c72c7ff000f6b68b801d5dd407277b4b4b4b8ad2d15e7b07b9a9b6a7085e721761284d0b905b3da0ca5c80c3d59988941d6134adc7d39259d9186f6d2d2b1523958695ba12d4ea06736b839bff04944aeb2ea0fc5afecd2d766b58e2f81ed25ab82d15a3d812132c4e10b526bff00395538b86171c1ad8e3007b7408b14629da22c862df4b3d5ac3b7ff00959ecc4787c5cf34b66c80b4b480056b4b5b5c57140c85386d715c1705040c965b38fc7c4d970d3430fe34fe9b209249707870043106b7e0734156b191586c7364f1268e66a5efdd289566cc556b66f2d2e6328c84f1d05c168ae2851b858e8ded708d7a5a475be0b4b8a2171f219c57a8fe35a5b2563a8496a5af0358cf8df1b5cdb7888e650e4b258c753c8d5bccfd928944aeb0cff00e6598a3e475271e243b8940382671c7624d89defdba6e9971c7d75056ad92917f4b6bed363d02d4d89d23f178df50d5ac228c78f8ee5d8a9436bad6bb1d175b33957cae3f202c627f9d7cddaa8eaf660b517eb944aeaecf7f8fa71b0cb2b238c44e8a40d31b916e890132d31d4ff00fce0406642196ac5033f3dd1c6a6f409ac2b7abebd3264a30b71cda56dd1c94ad31b8fa0657d3a8c8630343e3eb5b1e9da686ce65a4f0192cb5a5e9acdfe6c32d664ad931f3d49aa75069cd7b5edfd4289598ca438ac6dab335ebd42bc11c1e96968b8f176fd15c17072103dc65a762073249617cce9669219191b403ab1523b71d16e5abb9de8c99796796c4f4aabdefa149b0c4d6ebe42bab314fc8e32079ad658ef17f8f3e9791ccea8d6971dab34a298086fe31f4b3b5ec3b7fa451534ac861ea1cd3f3193c7568fd377ff0059cf1621194ca64892a378c74dce5f892303609e37992662b1ab0e15b1cf9063593473519587f165893dd26abda96acb142cb72e368b6bc6d60f93e84c5de94f93b35ecd9c5e2736fb5d2196ad2c5d2d9d99fd3bd2cec55afbeee6870b58d8a71159c9628d1cad4be3f40944aeb2cffa8fa357f2273feb0c523a18e973aedc71f4e1c608518206a796b04165f3971015cb3205cd823b72c4c4db679452ce5a6fcfe9fe540a1aaf925c6638431b1ba087c3ea37d5fa5f67e95cc4c3316e3a5fca818e8ebfbdf1b5cad62dae755cd59a6f8668e78be625754e7462f1e03e79eb5674548572453a84c705591e9c5b0a9ed9e4f91cd8e5976d1cb8901b1188be1923f4c0a8c9a2ab4586696cd4e72e8b618497e2f1de988d9a1f1e46ae406469e708ab5e786c427b1f61f715660648c6cf670f6aa5b8ae54f8ca2564b210e371f90bf364f218daee88c3019648abb0ba47474509e3923b731d39ce26676a59a66c920d13ff00cf72c6e60ff677a435c7d20606c6e30b9b16331c77147c47cb3636a5995ff9987c63f2b156b8082defbf713d9eaf3018ba6ee183280fc45129ef0c6753e71d96c8d2afeabe0e4c92bbe5263db46c0c7d86ff00e89267bc1730bdc7987b8845c9a414642e4d1a45ce734374f2e8dacc75174d2450f16fd21f338070651af15afc9bb4556c9d79ecfc057d271f17a701b8e793d40d3f094512bacb3fc1b5a07589db5981d1ff00b306a4fcc6463f318fad387727c436efe01f64191ae7396c21212f63360bbcc8e7350db63a149f6668206b5bf5fa45a1cade10c6dab0fe353f713d8ab32f16deb05cee9daa64c8b0fc2512ba8f34cc4635ef7cf3d48db1558a46f0682a33a5196b9b47f1036eb3d1314d1137e412b469b2445c19c9ae5144d627ca37eb8d09b6aa547db96bc02368d0f76fe73ee3d89523f8b6fd8d001d34d8eaedab5187e1255db90d1a596c9cd96c9d4853482a26edc0007928de57e5c913ede423b113ec683a47b9d1bbd33cf6abc20233b82793a66deea751d33ead76c71b471f7fdfea1ee4ab7634db537393171ffea847867c0539da1d599e391bb0b393daef0d242f583d17bda5af41cbfd94acd295dfc8072745286b2bb892f2d67e4f96b8bd56ac647d2aac8a30d017943dfbfd33d8a9e4e2dbd63cb017be8c3c542dfe2c1ef2512bac73df8b5c0d98b801f4a33c937881c9e83f4bd75f989d2ca5a49726ee38d91bdee29c7f8c7131ca1ae5f251a421631ba081fda27bbdc00bb63c4aee6fa70ecd18131a9a3dc512b3b988b118c9e696d598da0348098e0037c8fa2c7bc2ded7f7f679009aeda8e2e63c84efb2a28dc4d0a223631ba1f7fabfd7b768f6255a9b4db93f2744ce6fa902823e2d6843dc4ab3623ad5b3997973194604d2bfb0e0d424713c99a74e026bc20f41c77ea34aaedf51726b512393c7f38d8a8500d1147c56d697f5f2efe427b12a57f16deb08ff0037d3855283418d4d43da512bac33df9765a3647a6e4e8cb7b077f10e256fb71286d6d5767a841d073fc722a30b1f4d4718010f837f19f876b7a4e3e2e4fa6d8939bebc5ce4a706dd1334d68410f6144aeadcf7f8fa5f67e93509884f66da102b7b3bd2ded6f8a863333b61a392da863e4a8d32e7431068082febdbf7f06fe725589788bb63680e4ea90685487831810087b0a2565f290e2b1b6edcd7aee8a635cf73e8dd6337a3e7d1dadfb2089d2386834ad851b0486954e6e8220d03b0fd7fbedbf6129eed36e58d291fca4ab17275283658d4d0821dca254d2b228ba8b34fcc64dad5a2e761b1c2ac37687e1d796b55b0ae606a3e0d28685eb2d9619e07282274cf680c6ed6d46d323a9d3e6abc2580781af76fe2dfbb7d8f6daf1dc9d2255a9b42d4bc9f1b393eac2abc5c18d08043d8515d659fe6f016961ab30be0b1e8d9c8d79ed587738df9ac97e3d5e9bc47f93c93f235aa99724d793d3fd3f93872f856e21fd99cdca9532e55abf0681aec3f4cfc3bec4a99fc1b72c6d1fe4ea70aa5026353421ec2895d519d18ac7b9c5ef6bc05c81556dcb59479a6ea8f510806433ec94bdf2ddbd46ab31d8afe468b5805ec737d16e6b23fe42fb21f541a71b5b4ea6cd4aa18d03416815b5fd7bc7e915f689d2738016e7533f93e08f9bea43b30c7c5ad08043d85646fc38ec7e4b21364b23dc8735079424438396b4eabd536236d7cae2efba2fc20ccc65e3fc66f978f02363a792a560c6c6d007c3bf7eff4095664d36dcdb5fec6a43a14e1d0604d0821ec2bac72cfbb93ef0b832775973df6a28dadedb2a1124b245c626726a2d0b8798a273cd3adc046cd7c5f5f36fb1ee7b13d9c548fd0b93a7bb91ab1727d3876e8d9a0d0821edb927a545f23ccfb05718caf48a2d737db1c4e95f144d863edb2a9d57be3a90051375d87d7d76dfe8ef5db7dfefbed6fc22513a56a7f13c9c9cd6f27d58742ac3c58d08043dd7fce36767193b87382fe25708caf45c9913df2430b61677c6d375dbf6e36c2a068d34a0ef3f17d7b77ecdfb76b4b7dcf62a7938b6ccbb2efba912a506cb1a9a10f7d8f35f258f7c0f742116387b9b2c8d4db8f4db71941ed776e9260dd9e2fb71b0a1e10d2d940f8fec76da04fc1bedf5df7eefa5f7d8f6714e7685a993ddc9d1339beac2a08f8b1a101f03fea5618e6b189a93a9b0b66352d67c64c48b1c3ded9a46ae97be5975a4493b63fe25a17d20f5c903e7d817828b83002d23e4dad772515bd272b12e84f27277f7521f14a04c09a1043def591f167efb16b5c25c553954b817a9b1d6a246108c4e45a47b316fe37229bcd7b008f0f0e8c85c56f8a6bd72edf404ac7cbdaed7b97acb24b74ae55b82c4bdf7db7df7ecdebb93db96d4afe22d4db4e2abc7cdf521dba2669ad080f85c1642bfa8c7c441f525621658839aeef2d5af32970959ca5c25a6296a491930a31b8281e619eb596c8c8e6d2af6d3250e0e8c393d85712102810a69b4000e51dad0690e695ae43fc4d785d5addbad0b5ec7f7fb5e7d9f4befb6fb6fb14e2accca477276b93aac3a1521e2d684021f090a466db660d39f1a7420a741a3ce76216936789ddc8da971d4e652e05854b88b91a63a7ab256b8d9532650da7354368386daf0e89382f2886c89f096adf90f74699603ddad23b53568ac282a4f525ad948a76fc1befbec5ca79342c49b2efaab16cd3876e8dba0d0821f090885620e4a48084e8918d18d18827401707b109e66a6db626bd8feee635e2d62a29036ccb5e58e6f11cda305b51ce1c8b1af4e61692dd16bf45d1b4821dc871d3277b0b656bd7da7795631ad7cb4a6b70c88fc1bece29eef166545db731a5f25685568b8b1a13421f1e9109f0829f553ea94e80a31231a31a2c46308c283a66216de136d42e4082a7af1598e6ab6b1ee82d3250c954564b5416c14d7b5e1f16d398b457f07b5f196adf8d69ecb3a4df23c85e37f0128f944e938ab12e94afdb9df756154a04c6a6843e6d2d22c053a0053ea84fa853ab909d1231a31a2c45a8b02e0411627626dd5669d698b2dbe27b25f0c994170851590e5a6bc3a32d4e6ade93a36bd399c16fcc4e744993b245a47de56d15cfcccfd0b12ed7d0863e72568b6608f8b1a1043f434b4b48b53a2053eb029f513eb109d094e8d3a3458884422d52c2d91ba9ea182db254c954560b541713250e0e8c39399a47c2fb0f83608d2da161cc0d3cbb6fcf7da3d89f0e2ac4a89e4e3e5f5a1d0a706830268410f8ff00ffc4002d110001030400050302070100000000000001000203041112210513314041223251152310144250617081a1ffda0008010301013f01fdacabac936ce3609cc2deaadddb232fe89d196ad828dca640e76d004f942209d1ab0f29edc7b76b4b8d826d0f29b6bed494c7ca74447444109cf700b229921083ee7d4a4c7b8e1d485839a5179ba781e548e6f84e1bd274208dae4ac1047b7e1745f9893277b42961b0bf452385eccea8d0cb27a9c7aa6f08f46d3785b5bb29f476f6a740f07ee1d29e1e5771040e99e18d54d4cd8e1c59a53cc411f0a9a9065904d8fe42653fa6c1182ce52c40f40aa29a26b33905acaaa7e6bf5d3b7eab8450b21664ff00714c1a558d11ecb6ea07973039a9d505b8e9308c54b5188b14fa88da36e5c5b8a1aa3837d83fef71c329da4f31ea0f951bb2164e883c6d6a95b6626b8939a757004dfc292b84dabaabab2efb6dee2188c86ca0d7a547a02e1078b69672f4051199b1555200300a5f3655552d637951ff00a7b802fa51c263190da8e6ddd415c5a3e50ab91e532acfea0bea18fb53eac12ab6ab964b59d7b906ca3aab7b0a9dc01053664d98846acdac8ca54b3603f944dfb9e215c399c91d3caa9718a4f40b05c36691d1e52efe166507dd64507db651249b9eea7e1f0ce6ef6ed7d2dbed2e38fc202c2c3f06e919011d1137efadfd81ffc4002a11000202010303030207000000000000000001021103122140041331054151223010141523506170ffda0008010201013f01fe2d228d23542a7cc6e84eca151292361b115c9eedb2332cd8d29943895f1c9cf96de923e05911dc3ba472a35a2c7f653fbfd4e6edc7fb2796912ea5c4fccc88f51b6e63ea22b76cc7963e5b1e65e228864d43e3ca4a2ad9d5cdca56397c8a4b6252dc4b6374c8b7e4c7395d231434adfcf23a9cadbd8ca89b4bd8d4f4dc4c10d71b9125b91c7a991c6efc1d374fdb56fcf2334eb64646389382f730618fb0ebc0b16c2c5a4c78fddf224e89fc8ca34c7dcaaf06386f6c8a31c1b7aa5c972b1c4962b1e34878cec8b198e17e792cfa6446cd2693b669146f9291ea7d5dcfb2bc7b9d4a78f27edaa47a6f7258f54d9a47128ae52666e8f0e67728ee7e9b17f4ea7a7e08c74aa5f832b9f65ff9ff00ffc4004010000102030406050a0503050100000000010002031121041231511013223041612023324071051424425052628191a1335372b1c11582d143637392f0e1ffda0008010100063f02eebad8c6f44776218c5c8f9cc77359f9628d0b65edd1500aea2d31a1fe97954b697f288d0575f6581139b66dff002bafb2c787cdb272a5b9ac394405bfba9c18d0e27e974f7579c401995275b60fd66a50ed904fcd4c1f64c4b55a1d26304d3ed71cfe96fba34ecbc85da9f8ada86ab30a9102a5744c4c1cc2eabca1680322ebc3eebac30637ea6cbf652b4f93dcde70df35b519f0bfe4615d45ae0c4fd2f07a021b1bacb43fb2cfe4ad6dbe3b9df0700bf09abf0daaf586d2f6fc0ea85aaf2940304fe60ab507c27b5ed3c5a7d8d32bcd2ceef45847fec73dcd1c42edcfc56d301550e0a9102a19e89c97a3dbe2b7907adb890a30f8d95fb22c3601ac950b5d49a75aed7b715f599e8c9cd0518be4f8a59f0702b53e5087e6f13def54abcd2083c47b10f932cafeb620eb08f546e2ee0aade95090a91149c015839be0b570dce778ad63db5dc49cd57ac51270ff0029d82d55a3d1e364ec0fcfd84e8c6b14d21b7329f688ce2e7bccc93b9c4ae7d0945b43208cdc09505902d26d515e76b57ea851239d884df7f12af884ebbe0b560550739b4fdd537556a930ebe07b8efe15d6bb5717f2df8f7f7da233aeb18264a75a1d48628c6e415e2b8742f0b2c697e92aeb810723b8c345c2f716e53421c27ec0e0705ac8a4b84e733c501296f2aaf345d76615cb4b7ce20e7eb0538116678b4d08efbfd3acafea619db23d62a6562a474c2b5dc69b55a27ab244f56d1c7c55e7c4885d99715163daf68b6235b01eeed7313c90680fb53f8b9a6e34720b51662f831a4486bf683be7d1900ab8e8bad0834763d677bc80037862c5706b4624a2d81658cff89cf97d94a2412df1aa004464cad7599c61bc716ad57946117b7f35b8ad6408ad7b7977af33b3bbd2228c47aa14b3e2a57705b6cbbe2af00d5b41609965b5412f643ec39a64e6abc5b697f298083a2c7643643d98765872047d55e3e4db43866e7d3ec139965810acf7849ce64cb88f13a1be6ed8805ddabf9a26d65f7009c998b8e5c94bfa7b40e510cd32df00b835cfd5963f19f2cd089abbad381790dfdd5e30896e179b50ae37fb9c8068ded960b9dd596977ce6a4c702a922a6c71690bcde31da19a916ad7d862186ee5c56a7ca50f54ff00cc1d92839a410788eeefb4c5c70637de29f698eebcf799a76ba7ac23664bac9780332bfcf46815d890885384f7b0e6d325ac8af2f766545bf00442e6c9a5deaf3d1062793834f561af840eddee279a6c26c1716fbb159b23eaad568bfaf8163877d8c266d9e5e1346345797bdcb56de3da2806ef8448426f85545b15a470214e1bc3da7ec84b156668c1eeba54955105aafd8a24d9c61bb04215a3d1e364ec0fcfbaba2c4706b1a264945cd24406521b7f95e7313107644bee89649adcd5d863fb96081fd94dadbbe2a83ea106eac7882a6c9fcc217ee4403de124d94110f3b831aab876247edffbf744b2350388349f040364e9fdbc54df0dd3c66bb4e978abf0f889107070c8a6ea6cdaa77274c214aef896baef35287119159915787a25a3244410233731452162778b885e796b7b5f180d90dc1bd1ab7e6a5336881ee3b11e0baa7dd7f186ec7b99f25595fb23f148e27255ec0c500c1268a2176a5dc132645ec106ddaf24758e9725d8faa98000510b99758302a77d06406174f8a6888d01dc94ae1c31448c7810b5911d788aed542bb7471af884f316156edd6894e54404b1e08138ef357785fc65c7a05f07ab7fd90831da5b939358e7dee7b8aad6c29b1e302d420f949a5ecfcd18fcd08b09e1ec3c477030a13bd2628d9f8466b8b9ce2b54df1242ba100c75d278941a0487172d8761c56c6d14d25d8d747bab6dc5dfa54c4d9cb8abad2e2ef751d6921fc66b61b396284082cc6854c053bb53d96ad63c6d1dec4b7d99ec0d6c1201c48f00a179d35d74376a3be933c8715ad82f0e1be910b5b036a11ed433826da20ba6d3f6df3ed71cecb7866724fb54776d3bec9b1bd7e1c96b8308e3b19a0e643ba83ae39d78ca7c028643e793735721b6449fa2378ca68027668a6d6530550a578853bd453bc6610bd528b5ad00146e06cf9a6988e0e71c1a16b6276b7fad7c2eb460f1c136cec70d6c68a4bad1eab7c536cd6a38b6622b6a0f8e4af033078ef4a7d8c9d88980e7bd2e719015256ae11f46867639f3409c26ab8714354f228b6a582db6cef6684422e1029242f11257b0382151787dd1cf46d1216321fb2bd213f0525da2a776656be3627b8c88042896a643eb5e255c13df1e3456daef52016ce1bc725e6b7a5680d9b99cf8ef0ab396fe60de9f25595fb47f15c3f64218f9ab90c4a5c0a13a782ea8d1303da4bb342e93cc628909e012e2b6c108b193256d3e6b257429bd4a4b65b78abd169c96b620a700b0ee7b4269917c966e466b8cc935334c825ee7968ed3b7725e70eecc3afcf784b4fa43e90c7f28c4792e7b8ce79952347f155ed66a72d174b4387346ce21064470c7353e29c78b89c56a18faa2d8449e6a664aecd4f1d18aa7d5073bb080034d553bec85494d843e7e3bb89698ee931813ed514d3d56e416b0e3c0292c119292c56cd485d6093a49d2cd528b0aadaa3518867c8233592bad21068ecf139a901ec02a483f2ddccaf34b3bbd1e11ff00b155c38a900a78a681b27e157654cf45744c9985254929ca5cd5e71a65a0cc7d16cccabadfee28097b065a0043747c9d667f5d106d91ea85cd5dd15539aed2ed2ccaa058aa2aad61265a252550ae43c789429ec13a2f153dd3a3ba4621a31b994f8f19c5cf71992a7eb68e2bb2560b0969ed2c66b0533869c26ae81b47ec81957453457bf48292024a5b97c78cebac609929d18d218a436e414f4f3d152a4d0aa6eae0a73537554f82aad9d024368e015e70afb08d744d4ceebfa7595fd4c33b647ac744b09298a8dc554fd559294d62af11e0b58fc7453a35efc14b73e676777a4451c3d50af1d1b4a4305787d163d0a9d13346e6a4163a2f1c3f75ac88b0dc53bd4b40dd3ed514d706b7329f698ee9bdc67a2eb01738f00af3acb140ceee8a1e97c39abbc34ceb241ce125254d15dc57bb9d1353dcba2c4706b1a264944b4f50ca436ff3a035a264a6303418efc4ff00098f316f38994975d021bfc4273ace5d0dc04e53a68bd67b1c78a3363095763427c33939b2d1f0e6aeb70d32e08524100a5a2bdfce90021b93e4bb2bf647e2b871e5a254923697c8dd32684c8bee99a6da2cd38b0de3e88b2202d70e056a219eb1ff0060afc61e8f0aaff8b926d9e1326700c86b576bf2697094ce0f5ad8566d5cf8c2377ec98213ef427613c74dc671c500153bdd74d3a7794f73ab84ef4989d9e43345ce332561a0eadc24710575b0e5e0a506d000f75eb5b1a2b5ee028d62af6a23a4859a062054e654a93d64e25768a87120437d959eb38f1515f8309989aa1ea59467f9590cd6d3caa0425ec29a3a2480dcc4b5c73468c33392896a8c6aec0643a150468ae80e69910832d30045f8da6456d074277c414db158ee65f346cb658809751ce6e0020170125370587b1e6773e6b0c9d441a789e831cec0146e3a0456706ba87ee83eeeadee3f87d0bad5740d34c509a1454d1554f614f751a20f5584a7be7899ada682b885b2415512e8dd6abadfaf435b13b2a6468977aa2aee6880dd5a07fb67f6578765dd0c55583e5454711e2a923e0ae86d548639f41b0861894c80c02434d7774ee15dcde53dd3fc13a2c365e82ea91eead932f1551d2a38ada00aacc2d9703a2d7127501bfca3baaf79c74c901bb92730a986eadd9b54e116c41f42a5160b9a798542b0e9f694586e90d6325f35554596e29a66e3219a983f4dc577d29a929abc46f69a24e008e6bf0ee1cdaa706303c9cb6e0123315592a2a8e80962affd46e8b5aeab687455182deae04291daff0050ff008577cd5bd77620c376cd3133e09d0ee48b3b559c8e5dd24aaaa8296f2f0c42a51544d6d4daa867a7ad84d729c273a19fa85d5dd89f65d6c1737e4a87435c839a550a91d1455d345ab61da94c9f74669a0197b93f547bd3ff002a51277719f10332a60d15148a2f37dec6b76610cf3f1503cf036ec475d68f5c78ad9703e1bca7427a648053dfe1a2945da9f8adb87f45470f9e9a89ada82d0736d14e0c6239397e1878f85765cd391593b2d18ac744c69da466dbe0d5c65dbe4464b6aa67c1ddb39039628963a6672711839d94b82baed8761c8f869bce6ed80403c44d42716c1850e083ac8ad3db1cc29b86ac1748127ff4bb8f357bb8e1d2d8710b68072da05ab65c0e993da1de2af59faa8832c16a6d6dba7de530550aa9d382a689c3d93872fa20cab08126e6c6e73e3c1706365f2637f82ae904894ee9c5adfe55e69d175c260a74686d65f3294c504b8a8563d538d492621aca7b9a74aba001dcf0587430d3479f9adb67d16377c55082ae456cd5e87d641fd96c9ae5a31553a28b0582baf01c39abc26f18fc47ff008aa43f6be4f7ff000a7b57a788c5c7f90aec597bb7db838acc689f1de4f4c94d4fbbe0b0e96c992ed4fc57590fe8b5b64882144cb00b556a6c8e6a60aa155d39a9cb44c6c3f0bc14a8c1803c18339f02b191971c58de638a1728c3ea9c037c735eeba53ba711bb9e9929e8010eef87430e9c9c14d86f3150c9d968a1a2c746caae8bae008e335b1b4277ae9389e123c1383f6abb74ed1c88cb0533b55cfb4ec81faa944db0366f0cfc14da663753d32d13dfff00ffc400291001000202010402010403010100000000010011213141105161718191a120b1c1e130d1f040f1ffda0008010100013f21ff00c372e5cb9c3f6764ff0052d2438bff00d8f984d7ac332d313fbc255e13801f572ae84ff825fe65307f756290639a0fdc7f12a44dff00c4a5288f6ba172e5cb972e5cb8a86b6944a0b2707f14bb91e317f300011e4fd17ffaeff4df4b8b2901bdf3cbd8f31a452d5f8e1097e25fb9fbf34e0e7c20b5be467ee2c9fbad6552d1e93bb1fd8a692555634bfa2d2868bd87e57f1115e04ff142578abd807c964b878f63eae1d0b9c35b2ebf821bbde42d7c5283f821f4fd50ade9cd6fc32aed3aca9efb4d294ae0cbfd37ff00ad7a5c618749405ac66fd24f9fd21627a4acda39e3a1e931da7efdd3b29f29fb7cc4dc6fdcfc7d7112967e8caf70a698be1956a3e4a7d364ab0578bed497f7297fec12382aadc1022a7c407310e226ba78996196acfb88b09d1cfe6e20e1b589632e5cbffdcbd47bc1459ec7b605be7980989ee56667d394adc109bbcf1130988a3534bccaa7867c457e918a533ef30542fd46db5fe77063132bc21bce686607d02a63ab4151a05f88e9b75b95ff00a80038afc9e2009674b97ffa962c5e83cc7f269e88acdbcc2ca8eecbf115cc532846ec364e2234db536c659b3acf32c5b95d2de5c9dd50fd42a5cdac860378ef7757c13b24459da0a2f3070ead26dff530aa4b66cd4eecc64dbbc3c00a9a87ac4f5fa71ccde91e537dc96526f7e8f2e255b39307c3bcb972e5cbff00ceb17408dbae8f0bff000e7300305e886412dc232c41f799dd4cbd03d38a290bd8524659416c0b912c17b81ed30cc3ab9769ca0fbc77c1bbaa8f77b0b0f2fdc380ea805aee10701a800510955e23ebf4ef5d371c046e35687240238fe27be7e655f01fba44b97d2e5ffe3b8c5d0c5196e663c7fac9d883f30a8893b4b402e3b6017b2510d30a2aabe4dd76a885ab2b4fdc33155769cf7883e998b1037a93b0afbc4416adc522d2a09ae4e9d906a185625b583382b94cda582adafe2533c1ba36ff00529cc1e20a40eb7faae7f5f9241cb000e3825fe031c42ae6f4fd88351c2b8fea55b7e1e9fc43c678a30f67304b972f5efb4b97d2ff00f1ac5d216af59fb3f6c3d6cab54343c0d4e5d4b1c3138f2e7798b4d3dc9c061daee26b45cc9d83a4f0c3509cc4fc9732e8f70396d867be565071ff00ef7f3445c5bc402e53e2a3601531351b21be695a2668641f816fdd3e7f1fcb57e2232a50d01791a4a4d3d9a3ead996ef1c8a1f6627171f9bc1e2195c13888799e497fa2faee062d97d404c61c13cd559960803f1826fa0e3b23e33ee2e1fe163d8e611b3551f676855dac4b183d2e5ff00998c58ba0ed09f27b11745bbfd133076f0efb4de3c3548fac47b879598b2a672566261258596c2c6475e65d12e8dcf342c2899537b180d74a9cef43965a378f112d40a00381d1ee43c4dc912e74c4abdb1783129e2be423583cacbf6de25a0ed0b6307cc033303b3f12cfd1ae9ccc4cfb23c54bc22a139d008c91790d55cc5178b9925f7b4bf093e862220289b96b965e53f8851705f93c4162c65cb97fe47a314516509ec013770298afe4c23ce132abba840c0a0455152f5ee727718a8a96245bc5d430d0723c914f943032ccb2f8588ef30d365453b027655c785fb97da671332dbe08bad6d4645e177e07fa4ab0d215156dff3ddc40f902a187d4ebc77832a9180c57b22aaa765a5930b0fb46c392345a39b28f03afb825bb6d40d62a53ee00e23f7332fb47a6a6fa55ea2c32203b6ea5c5b339efbe65f55778d2f8ef38a1079a085f041f983eb532acde7962dae2d74d6225a2fb254e0f260f2941a1ec4ff00b832e5ff008afa2c5ea5bb2e60b55cc8ff00886d880f796d562426c0234577bef17b81a19fb85ed325e5455bcc3821de332fa8b3150a5e12d19cb1d12f42009dd29e8656dd7894b5ab78d99708ec4fd83b96592e02cac0e3d7ef2f2f58a4a0c32f37bc4c9fb9021245f7641ce12af4cf69867e7a732fbfe8dade297d3bcd2e5c2814f3110138e7fea650fd0597e18eed861ee1873d199bccb9710acc3284bc3965524d39d8787a73029ce1ec60c1ff000acb8b17a419b105fb23f98115999385e521347774418c50760efeae7af73dbe261f160a6d581bdc308cd688dbf8201954df9edda329b477b96eb3dd2d7e25a8657630ede20504180e6e1194b6ed1e20375da5d1305ea478236e01013b368fcb2a2d64586582634429c699a25f4df5d6ba7b8f962834b2f919a438f88767c26407d29c3d9ecc52af51710cf99ad4fc4573518798bda5f799c4016e5c8559d97fa655a0eb95c8c1ff000b162e857e831cb88449ca60e070129af070d224b41e13ca2415cde71f3a950e7bd53cc72d42ef0bbdcec41adbabd7bca3a5d91cda858bc6a60141938958d17de67e938fee7244611dc4d0b9203b010ac1d483b7bb2898cc397ef1cacd65d0778e19978d401c4a3440f12f1de5f4e73d2fbcf5d1be8b8a95de05311ec486c52b176266de20a12a73c84103c40b038603ee63b7460eaea69b27771166441e69c44ef95ec0febfc02f458ba053cf61c0440fc21dfca98555a02d5b0804821056322b1344a82d3b6e6827c32c4bd2629a27a83b4215f1de6d50114e225a20ab5f84a46f95e58bb1f31dfa5e63069141c096761ab1329077a80b99e6e5cc78076b2975a60ed0c83441d20b993ccdf5e27a8cd4c54d6badd110b96112c66ffcf6b0760e0d448ace6f1819a897156c05301e6a6e2d137d2e7118bd98ae2d2096b82573605c5eff00c2dc5174b504e6e89e7876ec4c2b30e4842b94c61995cae1cee3f5ea64480513157fa9ca231969ff00b3288c36e39ab85c8277d7dcef37eff99b228eb51a31fca3a4b06ae2ddd9c1a96646a58954687703decec37f100383024071d8a95a19f1cc134893896f7987afe3ab7ae9ae9ee32adbb8bc42a87b1ac92c721c79be7c47cfa845562e6bf42c7dcee7470d33514073010774f2b52d3f5b162e81b447c1fe92c9eb2da4d925b44b82e5ef95c5302a5efbc7f4b649294934fe5115a01ba25e0a51ed661e392768828dd764b031ba36f68763e1294bf8ed1cb8b2f66d76859b4703cc3290056a7399e973ca9778eaf337d3e669c4df552b33d4b95327886fb45d19c663e25f7c45ff00c9700212b72d33039d9a09b1532fbf298bf55c58bd038ec2f9f04a2026b8388821f3a27162b98e4d98581f98a3033cca34f0ac408bb412b98fec7ad0ee05aa6401db88839b6c0732e4c6be53aed32667821146f411d77d022cd8e7309052dc032ad461de6f7010c4e718f13536665d793a352ee6b8987f4738d4bccd74aa2c97dc8e0e97d18cd23f88a139e1664460ca1c784b030e3f43162c58a022506558c9b89638ef410ae2c0841da54626f232b002c16df884eca06446a0ac32ab34853d8869baa94f34c11b7151de4e264850caed086332471bd6ee568f4bc20593ae0486cb7a7f68211aed09c040ec831aa9752e649716576c4ec65541a2e5dcd75be998398eeba3d1dd42fdc5ed17b45f12e3196c2cbd067b4b2c112af47e817a2c5ea1fd230cfb6379d10d155cf782ad4a1904d937e38975377bdcc5bbbc433acc0ae3d3535a9cb5c40d727d4f21edccf0270bb85d3751f28af04ceb0f0254a1d9e0383b4cd4bef07f9e0bc6602e70c668ef372f11ccbeff00735e66e52e922f0ee32f1d17a5cf72fbcfda3324724d4bc46b703fb8b1688ad8415c5dd2843d4ca3352a260fd0c58ba0886cff00fc12d2ea5cb32965f88247f99dc4d448adff00886774ed07ac1399ab829c3ea164e3ee72d78b2e7026d3fe710507e2a3365222f1479857f85ffdc7468cb3349f3310afb259584bad4dcdcbe96732b9259dea73da6f73cc2a2d152ee5d4dc6ffa9ff666a372eb72b372d23e23ddf714d6676e03663aa470ee97278433074cfe862f403eaaeec468d57fd4dccbd9c4c9fbc69b0c43562001d7826b835b2e214d8ae4798e62d798eb415a48e4d7eec2cfafe601cc0ac011f93d329565ccf95f01e600b4bbcc1a6aa5be3b90e67e26b2c93e7a32e8e9f33dcc9a9871ccd4bbd4b959b19b6498e26671997f5d2e7a8b73d45bc3fa2b712e261042556520ccb28cba03a1e8b162e95b5847e13e898d7e60caaab0cc91e62679818769436e0989865d6acb8216436dc1552c4cacc3f329830304b3830ab062e2c2ebdfcca533aef0eb4578954470b3d4d665fdf73a5f11ea6de993d34779772f89ea6ba7b9a97de69e26a2e66a2f69efee3a8bdc9ad371b46885932f862ae6566306e6ad28871d0107462c5d206e4c567bfed96a25af7e5850c6e542d7f70a0fe51705e47129cfe1296c9eb3ee6c83c30fb8118b7b66063437fc2029006aa36dc538623a5a3820c8576c4038541517094f72119d8cbe26a5f1f896917e91c74cec97f119a862764ccb9ee5d6e7388b8952e7a96731c6a59ebdc5ce311ef3bf2d4b99768e35b650ab2ee543597ab08458b17488823f6511b5dd178f1392a18d100b65033e4a5b4660b0d4dcb5b6f40952c977a9b9e1bfe1288e9a20b310ff00ed2f200fcc7aa06882d150011b9911ac8cba6aa7b9939c4b97de62aee0c7accbedc7431d17b74bad4dccf136f6f135372e889149cc7ba648b7fea5b731e25b372a0b88d2b598256d304a80e8082118ba0ac80b6023441fd4fe4cb3d1f983ccaa03995c47f15f0819dc94c423e706fee29840c8bee2320e65441e01f89e546a5f9972955437034a86ba1352b23c98ef43a94a0484c6f88657af7a9e9533ec8627be9e12b925f79e60dcac631fb4ba7275c9acca5c6730d4baf5371e1c7452bb3536cc4da2d6a28f41cd073a2a53b8c41b66bd0815d784211628a6e99c8dbfd632e37fb42880a0e65e21e00f78fb2a692874694ef2ed42909c67f28ffd5caa6ac59cb89a7a78328f1fbcba374128316a4ae45ce53f64a5b77883c8f7889c4599cc8490060db5b82253eba7e661ea35a3ea6a7399ef52f1d2f199bdca7897c733336d4d4e22f3d2e092d532798b2e62b72ffb4aa22f7ccae54785663d1b4af98d60627d934237a9a99311d0102108ba094d5d0fba16322d5e633e5b97b0d32d48c9943182d5e772c3fb93c4c5450905aec83b65a2739d79ebcb29d56281ff000f881bb08ffa5370b38fe218eec55fde2eff0028f83d88c1b5e2509b1cb000667fd992058e2ff7803130e2623338969ccdcb9ccd111ea62f33535d1cc1efa9ea1b98e678bb25ce65a74b398e34cbf862a7b45e5395f73387dca7696d14787329c21081d78421d143e2635b3c422675bc1c01d4162f4cf92a0779e81608699844e19489cac9bd9a9dd2c5a7f24442a70a37cc81e80cca39632b101067a81c416fdb730927b959c7e60f73a732f88fb9799f89d892ab899bc4b1c73150c41e605e63d93d4bf12b32fbcccd1165c599e2595997f31448b5e4978b23c16a96f0c2e34f8cb2bca787a02081d08e2bbcdf0e77f46beaae2ff1172c99141e745fb8cf4b39081df1e7a5c034c115797b425adddef2cc58c5e887794e96ed08600bc1ed3375a859dc78818ca5f78f8975d3c74ce90cccf199874d33dce67ed2e6f73233e6182783ea6b57f311331152de25ff00c4ca563b92cd4bef3b301d70c62cb8aab324304a6c608421d030421d576203e097a22ebee7f11a9fc47517f399fc62e66c0f625cbea44fe7b4fbc1ddd1dcab4b2a2570f330a03054c40d37fbc2f4659b30f57be9e3738c74dea5cffae5a6389fb4d4bbe25a3632e511a3bcdc684db2d3d4b325927e51628c6c665b666194198eaef108798a99b8c072d4a449558cf5e1021fa0a66da7ed1dc3259e3c7e8d23aedc459c1fa922ff0031fe5a8119ec6a725dbee97d1828e197b129983a210ca438b838fe50c64977f12cb877d90732ec9a989edf9e8c05e4ccf5d35afd2b1b25e6ce8b9cf473ab9e18fda631f925d457ee5c6542c0cbda65b1ef2d6c7a9408d4a83a02108752607bbfda5c63f9489cfa91b97f5238d018f498983b3e487fd032f31e8009f0ff00481ce6e08d32f8afdc48ac40f44b26efa0fc0cb5e6fdcf413d4b9927ac4668b61ab8c7c4cc6fa58d9d2fbb371f130cce432ffa332697d443e27399492e98c4e65e3710e2d40864075e0810fd26d2d30c7d35ec8e2e6f4fd4bef053f827c45220f37cceecf535be99eba8f61a767329e8a9e464fe62e47cc32cee38c968df990ce60f664971c63bcb228e3985e9c91c6d176fa9929c31e0036b505991e558f43cc5ad4d9312e71171d8c37b975d3536e3e652f3862d6e61d4c199979f31662bc90dcb8e82296540465940414d740410e87e813194d9b820b57d3c48a172edf71afc6a16fc2ca7ee5a573869f897702a0b619b37a916eab618c80e5806cca90a68b22ef899338fda0a4f3e66f919f24213751d9ab88f83f697c49ac56538ecc282180923928a816e8ab4791cc5c4bf353de252e0cc25cd132df45cd4dcf2625957bfdc8d6c9c09140bb88c2e9e8661b6664585b7207329950881aeb810843f4e095a10bfd913801fcc4e2c7921167e8f5072ddd33f72f7b1970ba51786df995ef20ff281cc4e1ae2d44a799ef2c768cafe2986c9bf40af16690f99d84730fd31043a52cc0bf20b1ac5626a20375e070ef26216b153294234bab461732cb22c529998acac732973cb8e366dca8168bd572ebca5eb5dbb5d47b710ff0088d0fe25db589c4be8a8b25d3cf69adf43dd4d691b97de3a845c57798ef982a59ce260c8628cb31f48421d0fd503892c310638c8b6357721a54f6372bc21e54d0a7b61367401403b32e151c16fc4b0f0d2cfb9728172ee5850b62970f29ef37f6998b73de225d8ef7065c150d4a7963ba324299c902a3748d8a386f89b8140dada29e98c9da0dbe5791b738b1c18c50b51787cd53192041cb4ee55e5cc28b5b8f6324701bd99aa5226c628dafece614c72d53dafb93bcf5aed2e5e3bc5e9c45b9c7f24698ac47bf135a636c698e2056e0a972dc985c729991ad4a66b04102608208421bff0080508a478ba7e39d84471075fcb4c381f51386bc96403e81eb5c37617299998724b941d70660581ed1acabc4d67c0c2f0c22cdcac362675fdcc06a5a92bf4176fb39cca904f737a14caed60cdf72496272974bdb006c132a15779c92126d034993d90e5a82ad2548e612c18599c03e438f5045731ad764f1adee5f78a0f459b638e65e77f135fc221f7d30c2137536173359101073fb4d0a1963ae0810fd6448c5b38786e884d4123c53c71277e1dc42bb3f136f0ed94c40be54d835e107bf50caeb3c3c9ea2abf9bbfb4d68e4f73bacef6208432949b52d75b40b911dbe6e846e9b57a72de074245c31b609b67c339489eb304a2e723aedf4523b3b42025d409e687aa771381b350bb19206315a4b96cc45a9be8b3153822f6f3134e88421f51f16a71be6545ccb2c466254740408743f5a4489187c671938a8ad101a3a5108f1749a1f2474c922ee353b57e306abd8a9ca43be47f897707f7988347918d7743110750b3318d9c0a44ba2a82e5f7a995b02382fc69d44630e22717629947f115865ebf23764a393bc72a082263e2ca6d6618d81a4b1fb09a67ee247c41ed2ee5f0f4b8b9fe62accc9960a443d8cb6ccca516e6c6cdae657840274cc1087f8595122448c30c8bc41a3829db27050914713c11ae2f681da04c99767b4f7f92135dc1ce065164ec8485dbf79bf5ccb60cb7421557130ca7802ee58a1b099782966166a58b00c9bf0d0c81c8ed01669df157797cc1c1978ad88e9bbaf03199ac13ccaafee7032fbc7c747ffa8b1716e6b42a8ad4b9bdd779add1a9578cbb950cea82087f8bffda000c0301000200030000001000033810880883040802c334318434214838224108000408c04e1400001083881ece4921f38918630b18d04e00e0c90003c118000120c18d354fa1caf83141cf4c10a1432c028338d0802000013090483bc1440b73905db98a34f04330a14820b1483000002011c0043529404da87d14dc28600b24f09d9462422cc0003033c9106a56090c21b9721130534a08f08b20a3c71890c004210f34b3ab533ed8404dde38d3450873ca08308720c383003187283678fd3de710c7b43092c81c624038c2ce3042c73c12463c30e8f1ce59fc67221c80410433c83880041ce1853cf24338424f0547ba9bda2814330104f24404a10710f34d2410cb34e029c6135c0ca6ae78018104d18010808038e1040cd20f08b04bce2acc0e6340e0f28804628208008518004004a28730c088e5c134625d6580b2850433082450c524e2ca38b1c318f14c33b22b62303cac028828410118d24614400d00024210c30a2803cc1e5eda1cc28634318e08518620b2042c71c52c73cc04e04010404138418338c18730e20224308124414a0c71ca30e2470070c204920e0c318108e08230208330210a04c04d1030413452ca04d3830851453821c904514f3451033c13c108c00b34800c0c124b10d00a2c43462411002c330004708914408c1810cc2490cf28b2070c83880c730b30014c20f0840820c400ffc4002a1101000202000405040203000000000000010011213140415161718191a1d110b1c1f0305070e1f1ffda0008010301013f10fead57d38108932fde274522895c5348277e9b016409a9d2841a94f9c66d94e0996a2d14ef870456b2b1e4397da116ccc73b831288b8604cc910ee5101ae2001e5d763ad4b1bb65cbda580f841a1f74c4b4c68ade0d45229306c895b7f812ff9f00f31efdbe615e515e5ed0d48572dfaf8c7ccae4200919eb18dd58ed11b5ce7c2020a000dee2dbc393797d8eb0c16073e7dfce01a5a6aaf7e704320f2e9f86388d06bd79c2a6022953673baf688d154760166fe205c68e0f0e1c154417c85f0edf33243fec0ae51bf039e3a419acede513b52f7f010e1d2c3b12f9c56d0540ee9ee3abf8e2396d34757ac69483f750686125f40cad24e9d25f96a75efd250caa6f70245e18a35cdebc47488dcb11d15a499eb1f3fb4a8536f26e0d129ae7d613be89550aa501cfe8710cc134d5d4f8991a31f5edd65e52ce8603d22eb44e503bd1f99afe2020cb7dbfdc55cbc45cbba8c71f890326cbed1b5715de23296a0b6cc81b6be58895df10c786a09688141a0739ef7de26443cdbafdd409898112dca5e84bd19e26a34f1830cc436799c7ac322a0fa2b5cc9a115bc6d4a40ccbff1f7ffc4002611010002020201020603000000000000000100112131404151106130507191a1c170b1f0ffda0008010201013f10f95d9b9599441691058f3036878554a254220311a3aa884564b7506f8ea05b1e942a205d93286844d428d2053905575dbfa82eccbd4408d10aedf46247a4c0cc7e0211f8d801cbf12983cccf2e3ef15a757f7953ef14c8fac0bad2dda5fea558af8eca16c3b8adba1102a3e92dca59420d2189a5037ed6257b37c8abea7fae59960f5b458683c42aba7c45b630789940c45e101d9ff1edc86124aa23997310e164ad5a423a930a9dc7cd206ae409b67825d5234c3a8ae9006c40514a0274a3a390b44274ee6284bc412a0750b6e3845cf4218e4626600e118108c446d01b94ea59aea0014722e806d412dfa8f943c0e73ef7ef13ad0b8bf132946fd0db040028e4a912653b3713098766000504b97712c3b81cd1497ee56b5fc7ff00ffc400281001000202020103040301010100000000010011213141516171819110a1b1d1c1e1f020f130ffda0008010100013f10ff00ab8bff0037ff0017152d1a7313dc7f483861e5e85e599c0e1c6e0a1bf5dfda0f50e007da145e3f0cb425d82cad0da0f7d8fb4a87152df5690ab59bf536947e25c08e03f8f8108e92909ee07de12d306cbe18650e7737dcf5cf5fd7bf705734e0e20f76387152347dd0162b0cb7b51995930963ef071865f997f40c1efe97e7ff0085f997f4bf32f3ff002b52e2fd6e5bfe16a30b1a10635618fd11929e2ee4e02100bb3067fb5db157ad7a400e83e18f8d3703a95e21700ac542a36b3f898a2af90f926f0bd00fde0ad00bcaff00110b07a895fefea11a43623df149fdc3c68435e30aa5006ecf8603b8f222137cde9f2ce6888f692fb9095fb833d458809622709980d6219f10fd13aebaa32786d9b48a51fa0b5eee61b18b94b19e6ba23f3113ead678f721ea54c7ed134fb157f79e90ba6d806f09012e0cb65fd0241c4bf30cff00d5ff00c3a9a8bf4752dffb5cefe82c63c93cf08fb8868036ac6c2a28a00a4ec5a1f3cc6c02869ed8d9e1e92d3177e4992b28be25744fc44f43286eded2f957d1880b274a63c3d40fca1b14db7347fe0403fd8f898812f6c5091ddc1f1fed4bf82fa99f4ff7998a02d894fadc0aed60eabcdf6217c2d1a7bff78cbe402d0e148d6b4cb6b9f39f01c06aa15615ab80982c4a9f83861aa2cf240fc07619607fe0b9711b776a051df2f7e3cc0fa010079130c32d4f4c3097e65f9972e5dcbf32ff00e8dc752e2fd6f3ff005645c458b517e8d04ab9822370cf3ac53593dbd63d5956574432941c40c61ae621a064e485d8af799e13e2206e53b32466780276f3d4f296ab0f996e1f045e0047335305b6f6b9a7355f687163b805f1bfdd2f4614d0e1ed05a79d883d921a64a85c575d7b4a7fa59727f709d00ac10388db188ba5c6eb0d916dae398f187d4971ff00dc43a5b24f48596f22463e8e9bda47b34fac20822589a7de0b50550b4bfa5f7065f5053fe71ff17ff4ea2fd158bf52dff4cc1faa4b5e4792df88ba16eb5d6fb4bd301b665cb3d452553da0c2ff0058a86a0dd84820e47a8a90075298201c10e05062d51ed1d50dc496aa2f5c4a4a5c4bd3d42856ec839a06df54958fd8ea8c566db0363b80d8152d90d0c9b2af87a8af372cec96066ac2f562711135a2aabcafa44f41c36763f8210f055300000512c560f623402f7c46dc6bd238e6e59e4974d4045828e7a85a5831aac8c16484b3248af797d193c42a856797737d7b73e21de0587fc01ccb972ffe562ffdafd1732ea2cc13cb33b9894e83d01c76bc4677adac1b8c76bb5ee37771a2d0f30636a52031ce0576f2ca0020d53a855c8cd5770715046e1d98ccd8c723d40e60329b5a3d617b50732b6215bb892407631cd2b7c4a5ad6737c43d401786e2100f6a842879a1883c55588a5e42e872fcc30d52975a2238bc2c3bbae65d28a059268c05ba22a3145b509f077a9b538be1d4a2b15751299a4c86e34f31cf32eb799b58850367cc43031f86211064489dc96f48f08c46bf427d97178f94097a87b3d2e7dcb20eb7012e0aa194b60e263ccbfaafff00058b162c6154c1b9510c4ad06e22ae040718da5fab98cd60f6a1b74452adc81af11ae11a6cd4c3579e49812e1d92f6590ad0838c52e16db1e6d5bcaf366e5883e024335a6a9694555d46521b960035374aa5982580befb7ba2d2ab0f2475a2a16ae0f37a9d61f5e265228ec4dcb222ad055dc374a70fe226200f1a8f19957a072af01dc355408aa1f8e8421c62830205147ad47bb3f63068c81f7237b35d6e2868dc1b7a894c29c5246ae81862e9ccc016c657574ca2dfe811092009f2305eacab4d2ad5ea243e514194f4d82bd4af2ca85b5e09ec5467d40ac1debf514face1b30557436bc30f2840fd0665c25f9971cffdacbf3162c58bf5ba258c4502d30f8640f99b799c09cac68c141a96faf2b28698899785c3a2816abf4ce65fdaa1175e2550e20ac7d653dfb2676e0a5cd18569203eca3c746e7c0450c0ef6bda0654a9d5456fcddb9e8081c26528c35413099b99a97dd930c894821c455ba32c68c085d2c8c079a38351c8370035eed56f84422d0acf660a5a5a112ab31e1470d7ba14f480090a46305ba3dd806eb87fc4fe5b81fa05d10cc01fc40dd8c764003f046c67247b18d7253e664177e21964bfe235563b8679fdcc60e134465706a5666716c917c857cc74e02fa0f311f714623840cdf1089a71667fadfc4bc1362099e2e28f492c1e1204a341ea786fef3d21b360d07626fe88f9841032fcc33ff6bc458bf4516260fa38b7078c28724c03ae5f047c7c5f2b8e80c117d60130d44ae030ebbacc0a0ee3a41635f25b6671182db142fd2f1e92e82b4d6201051376e1f894a0d46ce62c0d0f0462378146d3a80954e8b534e974f1b9483ff64090ec902ec0ede6575ba55e1a1c05178cb01636d0a1a759abd230a725b5a426519016392d0795126cecee018e2ecbdc5ccf8a1eede03a0d01822dc2eaee5eb873bf317090ba3699e94f7a60db427c2463361ca993053b8ade5b3c47bbc798a2e4f8e65abb8d1ab7f241725fb45597dea0ac7b900c8cbe5618cd3b3d1c7b87999361b523baf11d60223033605d3f1c44aa99d81c5c09e8cef2cb7db7ed2964dbb033034022733b0880cc6e91ee0be0f9299783d3e7358df0d3eb0c008e44e4865b861081bd4bff00e0b98ee2c458ea793e99b5480096adc6ba2a74368ff1a80ead1a20cf03800779ea61c85f000e282d7d0f5b8534896429e4a307dee2a46035fcca41db0d51c50de0dce795fb60b59851528b222fad1043232732d6983c6ede63445ac3bb36e6f10dc8e29d2f09606a85eac92ace60d722941b001bd5ab787ed842f54dce94b49458c5163a7b53b305298e28640b55cb0db78410c11b5997a2e1ba8458174bc85589bd89149d6d21f1710220f4b52184367c665ee512cd722bf921dae02992fac255571c27bc2c071fbc03b1c3861adad357b2086d6cf300ded3030b7364b71b3d18676351b1d3e6a1b07b92ea907c6a1e902d181cd44266b86e8783bf98ac028a05e97805f1f89b0b9b527916afde0bbaa9f3415862505f1d4bc1c6a8ed8289cadf923ecddf5c41bcb98d443656ae56af3a0a460b7655bf90a7a64951e2d46f3470f24a185a103ff37162e3e8d22dfd0c786506e6da62671f6f468a70377e7d2021178b75c3cd67d063b128068a64c18ac11f0b213834e4af44bce31140899c04b4505e9e7885619209d828f764727170f1b164c7176864e65648e0b32bdd45911c142b61ed18310149ce9edaa8805a68036f5b8cd43d86ba2dc5f9d4c980080b335586d8e82dc001a786f8c79a96f9430ae06b4f9f58512364278c8162b375343b1211c15a9ab55e0b510a5b07c067655aaa52982a35824e8171670732ac6ad409d06b8814647ab80336f78a94e3d48ddddc58e8d71d45e1b39e6757efdcf50636f17e8ea604033292459a6d7ac37571acaa798ba325f304e8e15c3320a66b6be9cbd31e2008f6c9e3546a16c99b238bf68b4004d9a8d98324a85d41582c884e920c69c7a7f332633df715969e6b10e24ee8cec483a0a63ef65a7933eb2d140ffd81e264ff0091d7d2fcc58b5f41fa2aa62c45ed51b24c2fdc3cfa4a65a76d6d0cafbcc1425ebc5051338cfb4712b0b80ae888e108025ec631727bcc114b8c37727209e3a25e1825d5eefa3e63011060ac35558d9e79877d1879047519ed73d5c4737bb545ba6d8acc21b5861aa2c6e01ac4664000000d9938b1f1a97fa56e082b15851dcb88d0100ce19befe62b81716c0de0ba5cfe3718ece06d4e5c739f388f5544718a398db6c96cbc05d74767441c21dc645cf3142c0f6483b155c56610b1e8730e4c8f9cc468cf860d351a5e62d34b0fb772ed43da08e4c7862d357f5215cf88a10d0d543c5c2b2dc01dcebe1d28e2e5e8b5b12d9390bc8e663c3b7da199a1d8e9f48947d8f138572e1dc0a53b2f4cbb2cf64154cd3b9775631516431b25d4ebe34cad50af0ebe654571d429e8d24656e2853a53a38667556af40b8471ff001388b162e63a8bb8a1936e662dc083446d22fd435f172e8cbed785c01361244ffe0520a3e95d597745db8be32be256dbd3253600f01aaacd10d5400e0af6decc5e195c52bf2a59ce16d8f1898671e6d03966b1adfaf30b521bbdbbe5c6bfa8958cb5060bc5ede0cca9aa22614518f0de5b7d25a05c1bb5e9dfbc45bbd9b637c1d208d156ab8dfe628d0036b5e2ff00f230718b028aaa536ea320f1daf71cfe21eaf40515ed18259bed57e83187c460cc9a701d78874943a2a0a65d69c4b776aef6434186a9c24b0e1f6636e74c14c139b1a9b7e446cca85395a60ec6784dc14c5df87305acaec6053057f8d806ac4335e351826b30f3a14280c95bf12aa1fc9e8da0dda6cae486ae97a04b11f4658aaa74c2c51974ee36bdfe48c14e7db332cdefb8e1a4942ee99c57eb1bb8fd407b3ed195e4e3328e39ea1fe9c98ed869383a95eb61f42586feaee31fa054757f483b9ba3d4a50845aaf8217038b8c35eab21e228242216f597146256772816f58ce71129a4554acd01763e9cc60bac91001643ac5568d4154395102387e48d729ea815032c17f66596acfc63438e39b8596400da968ba758ea0c2842046c5f86eae5d036e4ace5ebfb8a1759935971825c293185fdda804ba16a1280cedc3ddc06680df10717a8ea84e1a6ff00dd46816e6b1f17b8759308bd3a3c6b31be605d474aea0e2d1cb7f79aa11ae603ad570930d343a7714587e7733749fd41e6ec8a5b3f7859b7b311566fc417f4a85ac8112dcce9d4b0f0c618993cc2f268e0bb11dc08555ea128561a8218c4a8a96e0418650e4471551aa08f1a63a54da7ff0062d2fe1b8db33d4daec8a9cc42679d24ce587cc6ec2cfb901ce8e26b7e25e573dc70e89dc418baee2c8e3dae123f6596f31c7d579977163e6394439fa78198fdf80261cf2fc772e7415af665f59790e455438b7bee1c2154061794edf2c6f20e52cbd35aa944b6eb56b92f9b3dbef2d16a740529368f43d7b8c75b82d8ad0b5ba7ec6b37061b20a0352eb02de0ec618b2da72ad6c18defd7c46d01cd60f7f9460a70c0bdf57d4c6db1df6aef71a4589e902e507d163f763f11c0d88b56626a128dbd66fce6983d3cc49a16e5d1ef04e2866c7da0c1590db1fda53147e264b94d73286db1f897a6c9686550e6396f5172b85f6666b2279e21973a96002e20853936304f08e72541ac61e63e0581a5a73dfa9395e963895938da597b1e1f24cb223c1aacf6f0bd5aee577e8ca9b72e6adc456a0f788564a62b6e1a36c0bcfe23dd087be1995251f3ccb04149a48aae4c4aef18ea53e503cc619c30e18986aa060483db2fb12933f56ee2c5c6e2e22fa5877334737aba2ad2cebf2a89e04ada16fdd8dd397ab6f19dd071985454855031439c536de7709b76e4ae25e2f918349e231180a4895bbee094397a32f1b60e0f042cd1c11a29a8622a0c1b2caa693287e2285b678d6ce7d230a5607b77b73b6692ca0ad7faa08c0156b47fae37bd192657cbe200da8f0aa71eb2d16055b896bab6b160e4b3314ebf9772b2c0d27f30b1b7d30173215bfee14005d122d05ab3433358a66742e61c1e3965f0b3c4136c78ee5bdd9d7705e02bc306c2c3c8c555b86b983437f2c2ef7880d0ca6b2fbc69b0f69a5d7f714680f56994c9cbecc4ba57cc2c6eece22b3d20aa47b935b5ef10343dda955838797316b597c33112109967c4a297ddc6722f795a08698957e6dbd383c12e1e9f475163822c69f4b74c519b3d2e5d35dcae0886e8b387a3fdb82dc3d81cac503e40e7dbf32a60360e8fee5d59766c1c579f6899df21c5f89afe362ab0ef32ddc497b3d77bc4a8f36a0f674ee00748116aa4a9dc36653f50e9c446effd708540b782a7355f6663c272609dd1c4c28b43779be7d21c0a5b4aadb89f9a5801db0090518b7eba863180c4a0884d5c33a40ee9d30519743918264ac6f845e05771ac8df26c962da767ee202c7e185aa5c7734890c7910a9b33d31528721dc1b30d9d304bc85444d0f4886ba798e4e3e25d9a9b053f6884a41e7af588b5ff00d8ddd8e3a6518fad74cc0b6bd489bb1c76465c5236aaefa403cd6a102968d2cad8083531f85b6a651af93db895118425631162c71b8a5042956e56370b899428039597029d11c2fb0c87f70a91b08e7c131e0945ea16c105a7f8e2148036c82da4adf356ca03a19166b396b3714c0951452fa4a60ad5bc625620c6c48f84f6863ae832af7dfb46bac1a00d6ebd6354d2b00cd41a881a26598d196b8d8b7b7c4af9dcbc48250ac70ad78bf49a6a41b2df70a6b629a8f8747e608e34c97864a075a2392ad5ab6e0346c363325193917729aef861662d3a804a1cf4c4d6abc7e6537f7b0c57a1dcc1607a0ee1643e89fcc071a7c9a96e1b26f50439f68d74d7ac07692fb59e903953139311b0e2e5eec09667863bf075102901de92000e5e21bd7b2632f2f5dc68dcc70d3040e8e6e3b49775c8c10d2b40753678397b62da320948623a97dfd05fa58a764dd98268640ca77e02fda04a1570bf9800bc9ab7996e35eb88cc52174b4df8848d4a18dab8d4e8e8b3b5383e63d150b44b75d5c503b592d55aee55bf6e00cdc668f3a2c1002a65c97bbdc76103a7010e23abc390b3ebd4ac880505d40baee846e2d663c82516e90f6be7b7da16855c879f303295d032448dbb59b8429e8699c45c3a6e3c2fba5d327a90a76fc91036df0cc0e77c2522f1e880076dfda082d0633341d76b8b759614caee051673c424aaf67885ddecfcc4d2057ac3ac1e332863796db4df68ba7996179bb8f05972ad4967de22d4abd75287245e60c2f9d0d7f515db6712e8ac474bc73b22a0a7de374497f68d890a3f784e1fa430c4a47d16314c529840ee5c8117951b4e9b7e23810b6aa3a9ea811c0382250ab329fe5caf82251b298a069bb5af6711b85b2b8abed08d24345ecf3dc03de7831348c74b6af4605007066fb6229c839d1ef6c75a3bed2be21d68d80bbfeb2884180655d54bb6eb1accb8cc3bda55a31006cff3d25cf73556fee19092b038fd4282c8906a55f640a9b36c55b841726ae21b5e23577c6d81c8e58159bfe614e9ebb8be0b3cea377e55b34cd71bad2431a59e2245ece605416e1d893050e215cabd7500d5276e61970e1e216c35eb1ad9a8ea588da8baf10c0513cb2ab68b3e6303adf08c2a567a83c95c5712f56c51a66056066e62f70a436edf1348cf106c14752a098e2d117a62c5f48a3e650b41c797a88ea49705a7d5b5f32d08c3e4f728d6d71420081bd5f10bd9d05311e9c38a83f72b413428a4aaaab02ab5f3f889390e0592c128d6e7c4228f2a58f68f357c5141ec6a3c6db498f00fe650f1021466b8ea2e6c0e1cbdcb050e6dfc4b576e435edfc7ccddff00aac8fbcb41c0a04fdca36d8df24f9cc3c7d48ddc04d27ee50ad5bd62b83529ad3df0c5d166370a7311bc0f172d40b77071511850a34d3cc1713470900af0791825d591050167b31082a7b351a1966a1c28605ad1e9823067a31777bf31be37e20fc38612d950b32dcf10f20f7234630f925b6260dc4a54712e570d60798379a6b1dcce4b2cc31635163643afd0874ab589504a431c41e22cc59dd31ca6052ad576caec1ccc135973451db995ed57b747501e350dbe25778cdaf6852d48ddca04ded4ecf4656aaf62014d460ea73a0196f99c4c0b0e62edf0a857443d8316d26257ed26051e8280257216285252e018dcdbcddbeb78fcca52aed45c2630dbafb90384a755883218792ff3fb863f907e63aae11ea7ac4363e89175c8f3dc72dd5033339292387178f3114a99d35988184c789d36bcee07f90f12c39591c994b116d3e74c5ca8d3f985d2d33c54ce8b5d302203de068ddc16d2dabe732ea5e25bb17eb0b366e2aa72e9cfac419053a4838b9385e23766a7509b5879cc6b11cfc45a34ad4b28a70c1f139d9198f3bf494cd0ab8610a12b0d432be82c5f4b0cfd10fd9532ab0aad0587fe45f27adab536c756cadb15da5182b31bc3b593f32a28cf23d532a315ea3f32aec13cc02a576384120a5facd205caaa3c02bb604e724239f0610e6a1a04deb439b8bdd375a6e1562b53b75e9dc6829a4380701d54023d0152c8016693fdfb99e936bfc5339f0f70139bd0ea22ec5541b6133f1019463b64f68e5590df67b40694bc6996c1f98632bef01b82babab8de8d8d9129e7c334dfbc4e57f31b5ac56e14a4d793712e12a1aa55e7a895f9ee3c9e1ea5e897edf9c458f0f89bce0bc92a6857691ff20e9224d0db8348e2b28e194abe1f480343de00ca83bcca975be9889652abb637994adb052a91c4a2b1311898350d7fc03b7309906465c68f1cbe233c5698703a03010a8c0263c11f2c53ede8108002f00797129722e88904532b06afde3616bcb01575f31d453b8852b985c0b7de23f682f71e8f3196d600c04046d559805364732254edd10f2d338c38a98378d855ff000c7e6d5a3af4814a284d24a58723575bfdc32b40f1d47114be4825582d8d1797dd14805276350a632af1988c0cb766e3184a3a6355571c970c29d5b11d5a02f51722a15ce995943d98238617645750cbf8634d2fc304b0af2713548a2de7e25b33676c2af3d234cfec22518674914b094f0e98652a936b3f11c0721c300cdadf88480a4b0ea604a7fb71b2ddea671131e5965f321806a6b9587d025c52898a0795200ccac6318b18792f92706ac2fca1a21116a6802321b0a16b44e8e7dfc4a99706a316a377c45c20ff005967ef092716cc2e9059aee3dc0b43598b0c56fcdc12291a6916f604bebef2b24cf1fa1e60292d03f98d4b6e32d96b9ea5f655beb213d7a67b8632b7657f50de1bd2d3fef119a9bdd9f80614b48bb1896c5262c37ed01e1d432f0eae0d5e30f0987f704d96aeb710986ddc6ae14f1fd301ba7fbd668250f59188061d1e5fa9a83130264e89780ab188368046862a56c367646e813ab8e18b55be91acbf2467046047379951451dde985a9bbc83631653af3fc4d4022f0fe6194bd74ea3bd7a910f6454ab8398058a1c3b874b4bb8132a51e095e8306a1f45d661018e25013110e20c6a15efe9efccbd578963d8e3979f49811b1be9dc60412ac53e66218032536fb2caf7849338ec0e4f8b950d21780670b4087e61be38009112a3cc82e17d743dd81489928e01f296f83cc4f95a9a4ac2a8316af0cb3d5d16e810d02f3d4147cbbaa7842fdb320f64017a0d86fed897228bee504bb52203483798cd461d85cc3958058513da620859e2653907e47f50d4d5b874c5a4776fe3a88aa1abe1dc1ba14ae65a882f81dcc39e79268bbbbd305673e9370519638603b0fbd400e41ca08bad73c92c2d3c405019398538312ed78e498bbc577d458e6bd638ad7bc58357ecc00ca72108bc5429b311726de62d0065d5219071e61da58749a8a5cf1e161b92046d2efd2122e53c9a84a78ab179994d3363152e7cb889792f80949af0a94054d731fd2304c1376636eacf95b0bf7af3e916c39eb52dab2ceb55b72418491d3a7d495fc94760f711f4838d70fdc53fb99f902f57c0d57b338e125fbab2eb3cac25f6dda0807a164d9d30808cbbedd74044ef0570ed0cbc550475fcb43ba505def7339372e2956aa0c674475ccb5181793cafb5418379345f3fccab958c4cbe23a2558bb942014f52ac729cebdc96c47735ea87179e1d27fbcc58ab25650fc90561ae2d976d5f8b8528cd7dc8e4163b4fcc10d8d271fedc43e3b6b716f47d9837d3edb8f72dbc91161cf7b8daa0b3ef0a0063b82d5bd7198f6107b34ca703d510aa6332ca84ea0d2fe5051b24ef98f429bc9116e398ec57ee2aaa62a09d1fb31bccf1c328bbf03c4d0e4cb818a72423863a47233ad453151e0ee19531ce655c6995e22d520fc4d3f4ea54188457d038c4c0810e32862d4a4fa85f8dc646bb15163a407d50a278898cbef122c81ba667a0978518d59a68db57dc76272ed0e13aa6985f40786316969f72094ed2a064ef3899f6fdc068ce5c6a18b33d4024c2bac62a0193407a1733f8605eb83cc7b3780783da542d2b4d283ebfdc27a3a2085504e15fe60f0abe04a308fbe4f7e61db4bc27ea2de0e3b202c4df23194f4f9259c9c3cec4883aa5c75fd4594abf4ff5cb0d137bdcba556710061435e3f50028f24a8b3ed0851f5b9c6aa642fb66b8f59ab605c5f0cb510038e8942b21ec8d9d09df7285b5897baf583ac97e1966ec3994720af58b5054116251e19565b75e638a307da22e99ad3b80540f24da9392f2792228a978953856fe66436cce25785bac4ac228352b0fa8041cc1ee670f69e3de6e928fee273f508f84b50728905f0b11c3575d6122395daea2b5c155f15741b515c751dcb45729e8c291036e6076c6e14d79576c1ef086769ef0aab16a92086fb06dc9d5751908e80edeeb732eee5b750ae40db0fb41cef0b3bf273f98eaad9c8865ac1e371b03927cc6395999b2535cff003040a70be20ab67e19656288bb1bd928b1f179f6825cfd1cfbc29780b2f0c31482f8b866ce48a8885aea02aac1e2e502f0f312c0e0e2e08b587ac6e63f4c51503594fe3a9540401d6d1a52e7b976a73014c92b336cce3f5034594bb749832d7567e258b2f925cb575d46b6e7e6139b0e8a798c861dcaa35bc92c65b8a179fe59ebf9092a094d19d4a43e8082a040a22e28ee70aa4c02563b54e48ad3cb1f754875f5a01f92bf98ab61f557c1a6395ebc12c3714f3f56e2aed6876c0876bbb6be8f941656f031428316c7a20401bd7897928c7fbc43d0e87511c810ee87a7f70dcb57273ee42cdc6eb4c5e9366e020537d45ae17f8fd46c6aec767fb50a7ee0ec886cbf7cc143b26367bf3342cbae4d9104bc2f4dfc4b052ed999bc6ddc2f54ce58f809b38618003c407143c90bf264e3a980c8f4cc1061c74f1fa8146e66c32d71b8726fe11bf436090f04e086e5237f3c4076c8ec6212bc85e62a2987c731a8c08cfd7930202b15fa87e55768ee164aad25c5afe603da2332aa9aa61273430dc0c7d0abb241cb060961eb676bc8afda1f7955998f303aec1657a8e2651ef79bed88ae57c37c3f52a5d1f12fc6fed0d3539b0a76c2223918cbfd47096471372850c03fb4952a210caf9213006305d8c16386026be666adf4a184a261f3af78dd755d8724a95980dff3e65f4a4d4af66de17fdf12b9846e83fdf883430278c44b5977d6920dae27985e1c7934c16b194cd38fea317070cefd22b756deea0d705f3e603ed647310e1b3b22a555bfcc719d9cdf106f9c719812b578886c29cdecfdc6aac6982e8a9e46264059bd8c109eb0ed7bf11a0035d9989568abc3cc294aa1cd30d59ea3fb8ae6aab9e239ab67862f1bf533ecbc6f10116b731ea399b38f47735af4e2198d108d4aa1c41c4d207d3487c1bfba5df7025d9bc6c2ee9f98eafb6bf8d8de01d991827772feb75ab879ac2a96caf78783cdb93f51605de43e4970bbf23f115be1267d96ccd8daff00352e45e21aaa86cb39b5fc31859b767197a51ac75022a4387189556259a764b50366ee0c34a06f12aada8d670c05dc6301baf5ec9c21c2cd31b5b78377fec4c9d02724bcbc5ec3f3391547671ecf1306b366c9665b33999b857dd752edacbf30a1ab4f4d414e68637aba7f3165581bc7faa1556343a890c9eb0a1c2764745d13ad42c4d35feb214683f11d3459e0f8ea64a41cad9054d8f3888e547ccb04c57998d19317a628383e197482b67994fac5b7c1357f2bf92a08057d2a88730f1031f4310b3c0a7dc8ad33e46389f448cf1adac4f6bc7c5448a3a2e3dd8f862c12c2bfdf551d93783736d51ce71ca823d32bcc0e92fc4560b90d3d90b053c2fbc72c631812fb8883d60f6b5ca73ecc31e00ee6728f5a873251c9c43322ab77f98ec566c1d79a8f91b76b8802610d9186a14f98ea7dbafdbb96181fcfb9300aa53941b051ae26c264007afee112ec03d02619b4da714cc8cdaee6604aeb883917da02cdfec85b6c4ab1f3c4ae807e484d135a8d1b0f68b6db8be4e653a39e8e60100dbad18e6040c0f110dac7cc68b761b3af46534ca9f723158d8e1bf799197d798294c3c33558192f24720db45cb26d86ea76e7b8d7881bc0c5c3028947d7040c4d3e86be8f4c6e2fd294e23c33247af18421f663c37f97fe9e91108e1ff12cfb42dee0fb8ad128e4475eccd4af9c4b2a21b6acf98255dc58f398e0b884e44770523928d3ca3d78e21ba7d1861375119b9cab8315b77b3f70b55b6acd9fdca50d3e39fdc03875c175fdc1b15d8be3db89668a74ecf784397ce1a947bc23e8c716a97c6dfa89a1ac0df27f501012ab8c8c3352c7cf112d410078102260fe257628e2bf0053aeb5cc200349cc5de17b2cbf48eef227a8fa47439c5c0bcadf18dcc8b75d42d8aabe1d31c885788ac3dd0d7e671163a1943cbad67fdf0cb60a477c4be8687f8f3282aa6b8e65ba59c3fdc61b25e214f2e184e98e7771714ca91dc558b5d109164156d8866365e256a29528afa5c50513482e057d0d425eb113699ee4689cd0d45d44fb2be44681f551f24a0abb0651d4488045c50fb332dc264a03d9cfde5023c812fb61f78d17de541f0c7de2f2874e635804e9a7ef29089a542238c5f95d302184ddf0fa4743b0647090aa147151331b3c4bb849aa6e28a4d715a7f50d514bc8e4862d78acf70f958006a5cb0adb335d41792255da091718cdf782c290c9b708d40c543fe877489623c46c80f4b9f68da1744aacbd34f982ba2d996e9116502b67c52a21220a7338a957a4f308b2748ece9ad7bc7587a8e3fde663bc9dbf72c00d6b48ee5c616f24c52367c74c1be6fc3bf98c12ebfd98d6c22ddbf0ff00106b866abcc685ae0e4dcb0524e44d7b44a84e0eff00f63634a7a845a6ff0088e2a634dcac04212d20e5581030a794a47276f6cc4dcea63639951a9e2871a87303883e84afa5978972cb202cc57a96d1fb25961e95285264544f88c8297fe86e223b75a3e1cc6a94725be185582276372a2f70c2163ed06c8337afb07de5d0fc7d9ca7ecc7acd2c093d1a610c4c041d230684ce43d7b12cb0070724b0ae8fe50802dac8e199cab31798c5b4efd22ae0e0715e8c19fe67af5fdc2e6a3df1433955f0e1e61688c06ea98402b53b35981d10168a545614c3263b9a090959125ec3372a8c0b1aa745654ce4e98590130987d6a1056c78d7bd7f13ba523d5130b4e398bc6c60ce8a4e1655cdd752c5d8a0aad499c9002c4a59bcb1dad9b804a454f93d276647b27b4c98d798a73f0c6b2eb88b6cb7d90764a4d061f6e232322377f8971a3975c456ed3e0d7f5374219d6ff00ddc5b0b6992e39d65d30c806b3d31d4b13818e8ca2bda39e3e187de5ff0099d4320504ac62184a20c41f42be810c4333c109112656b18dfd932b79fa47347b44cd848cbbac2f01987078157c46286e6adf6fd44cecafb812f05f5922665372cf8ec23ef02e6d0917a4e3d49a828a30778d9e48083358ab1214b7e53863da827a1ecc0e0be1d93110ec4a72776712e31de30a881655e98dd3cd11517688048ad3983500143e6a02536e65f8b80dcf1b43ad2cc40c8328280cb6a529bc9e65c784290259664c4a82b7fb3e8c33d408a37c2384f0cbeb77ea600ec82c29d2e0f7715e2822eb41c9a2ad8581b5f90181563305c70e6711ed5b8859f291d300fc33700ae5b863696dea724655a075a6358bb4dc3d1d3d661f561f116c9df6bb97bcab7dc349a58b22ad4935b977319282507d20c081f4370dfd3497b0a9c43089086f78fabea5ba8c5db5f11cbbfb667b20bc46cc2e2e9ea40648f714000f07ef994a34dd27e195838e2afbea5599d8314ee13c3f6b88811dbb161e06bd4c7a43ad699987ecf24ae8c1dc784a7cf242ccfdf3ef0408b36302cfbe2ff12ed00f2e266ad1d39fee2bab0568b111aec41f68e0fa99699dd901a233814505534e42b02e3634b284505f25fb58e64055a4a5b52c0e1a96b0d808a793bf4970ae46cc7b9c4352d16f4f5ea38e69bd44326482b2e1f11b96237866faacff0070aaae63822c2d817f8821cab7d93855f030acafbeaa13834d663886369c443db91e255cba730c3a4578232150c4000350eb531cc5a82063e835f53e86be87867871039213b809b3036cfc40d7eccb8cfed106d7c47915f10e1eeea078b9a1f665d608d35da52fb46720b8b3ef17694e0047d463a285cff05c2f4c462c8ac703b6b09e4868e6b2c0c204e3f48cd57ae18549cf0bb94242fbea5f769a84760dd6cfdccd152fdcfe236d24b86885cf65365cae2e284a8a0eab750e76b2d622cb7605857066ec6dc0b8956ffc46fd3a104dd745d7da34b8a391af8e20f2af6a976727ef29d08db07b38f88634fb3b8dda6efef10b354e87f30b1017b2f11ba2227de644b4ef98c853f2c0760a6ae15cfa231f6b355dc00850ddbf11f9648610d75082181f40d137fa07d0bb957f40c7d062387d1f0cf1fd02baa84de262d861621ca1b9b195f54bedaf899433b20492e1f619cfa46e62caa3d4f4b2c5175ae43d4e1f243b4ad9cdf8ec8c5643a99b38b275301afb3f70be21218d499f0c55e16d2e578a70b2cf6ebd209e93040f2731a814645b50280d132c00822abaf073b22eeddc259b025865881ac271a59b7f0859ba06d6accb1e18047dcd30f41eb6fee37b14fa7e7b870051c3fb8f4e474f11475b369bf7894ad7a2502d4f4ebdba971435b186640eeff98357306230d8f6116f561cf23cb2fb14c0e5953ec7aa1656e312b098350a8afa0206a04f6fa1a818956fd7ffd9, 'aa', 'ss', 'aaa', 'zz', '123', 'ww', '2018-07-03', 'no', 2);

--
-- Indexes for dumped tables
--

--
-- Indexes for table `accept_info`
--
ALTER TABLE `accept_info`
  ADD PRIMARY KEY (`id`);

--
-- Indexes for table `applied`
--
ALTER TABLE `applied`
  ADD PRIMARY KEY (`id`);

--
-- Indexes for table `blnc`
--
ALTER TABLE `blnc`
  ADD PRIMARY KEY (`username`);

--
-- Indexes for table `deposite`
--
ALTER TABLE `deposite`
  ADD PRIMARY KEY (`id`);

--
-- Indexes for table `employee`
--
ALTER TABLE `employee`
  ADD PRIMARY KEY (`emp_id`);

--
-- Indexes for table `loan`
--
ALTER TABLE `loan`
  ADD PRIMARY KEY (`id`);

--
-- Indexes for table `manager`
--
ALTER TABLE `manager`
  ADD KEY `emp_id` (`emp_id`),
  ADD KEY `transection_no` (`transection_no`),
  ADD KEY `username` (`username`);

--
-- Indexes for table `policy`
--
ALTER TABLE `policy`
  ADD PRIMARY KEY (`username`);

--
-- Indexes for table `record`
--
ALTER TABLE `record`
  ADD KEY `rec_user` (`rec_user`),
  ADD KEY `transection_no` (`transection_no`);

--
-- Indexes for table `transection`
--
ALTER TABLE `transection`
  ADD PRIMARY KEY (`transection_no`),
  ADD KEY `policy_user` (`policy_user`);

--
-- Indexes for table `wow`
--
ALTER TABLE `wow`
  ADD PRIMARY KEY (`id`);

--
-- AUTO_INCREMENT for dumped tables
--

--
-- AUTO_INCREMENT for table `applied`
--
ALTER TABLE `applied`
  MODIFY `id` int(11) NOT NULL AUTO_INCREMENT, AUTO_INCREMENT=8;

--
-- AUTO_INCREMENT for table `deposite`
--
ALTER TABLE `deposite`
  MODIFY `id` int(11) NOT NULL AUTO_INCREMENT, AUTO_INCREMENT=4;

--
-- AUTO_INCREMENT for table `loan`
--
ALTER TABLE `loan`
  MODIFY `id` int(11) NOT NULL AUTO_INCREMENT, AUTO_INCREMENT=7;

--
-- AUTO_INCREMENT for table `wow`
--
ALTER TABLE `wow`
  MODIFY `id` int(11) NOT NULL AUTO_INCREMENT, AUTO_INCREMENT=3;

--
-- Constraints for dumped tables
--

--
-- Constraints for table `manager`
--
ALTER TABLE `manager`
  ADD CONSTRAINT `manager_ibfk_1` FOREIGN KEY (`emp_id`) REFERENCES `employee` (`emp_id`),
  ADD CONSTRAINT `manager_ibfk_2` FOREIGN KEY (`transection_no`) REFERENCES `transection` (`transection_no`),
  ADD CONSTRAINT `manager_ibfk_3` FOREIGN KEY (`username`) REFERENCES `policy` (`username`);

--
-- Constraints for table `record`
--
ALTER TABLE `record`
  ADD CONSTRAINT `record_ibfk_1` FOREIGN KEY (`rec_user`) REFERENCES `policy` (`username`),
  ADD CONSTRAINT `record_ibfk_2` FOREIGN KEY (`transection_no`) REFERENCES `transection` (`transection_no`);

--
-- Constraints for table `transection`
--
ALTER TABLE `transection`
  ADD CONSTRAINT `transection_ibfk_1` FOREIGN KEY (`policy_user`) REFERENCES `policy` (`username`);
COMMIT;

/*!40101 SET CHARACTER_SET_CLIENT=@OLD_CHARACTER_SET_CLIENT */;
/*!40101 SET CHARACTER_SET_RESULTS=@OLD_CHARACTER_SET_RESULTS */;
/*!40101 SET COLLATION_CONNECTION=@OLD_COLLATION_CONNECTION */;
